"lineage"	"sel_coeff"	"low_CI"	"high_CI"	"size"	"region"	"Highlight"	"lineType"	"reference"
"XFG.3.5*"	1.02479653	0.922316877	1.127276183	11	"British Columbia"	0	"solid"	"LP.8*"
"XFG.5.1*"	0.46011585	0.414104265	0.506127435	19	"British Columbia"	0	"solid"	"LP.8*"
"XFG.3"	0.44505368	0	1.92304	17	"British Columbia"	0	"dashed"	"LP.8.1.1"
"XFG.3.4*"	0.31225111	0	0.99385	56	"British Columbia"	0	"dashed"	"LP.8*"
"XFG.3*"	0.24579051	0	0.83244	116	"British Columbia"	0	"dashed"	"LP.8*"
"NB.1.8.1"	0.22132899	0	0.68294	28	"British Columbia"	0	"dashed"	"LP.8.1.1"
"XFG.10.3"	0.19060609	0.171545481	0.209666699	12	"Alberta"	0	"solid"	"LP.8.1.1"
"XFG.3.25"	0.19004567	0.171041103	0.209050237	11	"Alberta"	0	"solid"	"LP.8.1.1"
"QF.5"	0.18073961	0.162665649	0.198813571	37	"Canada"	0	"solid"	"LP.8.1.1"
"XFG"	0.18056265	0	0.40341	16	"Alberta"	0	"dashed"	"LP.8.1.1"
"QF.5*"	0.17934204	0.161407836	0.197276244	31	"Ontario"	0	"solid"	"LP.8*"
"QF.5*"	0.16832423	0	0.67896	38	"Canada"	0	"dashed"	"LP.8*"
"XFG.10.3"	0.16637507	0.149737563	0.183012577	12	"Canada"	0	"solid"	"LP.8.1.1"
"QF.5"	0.16480061	0	0.39442	30	"Ontario"	0	"dashed"	"LP.8.1.1"
"XFG.3.25"	0.16304026	0.146736234	0.179344286	12	"Canada"	0	"solid"	"LP.8.1.1"
"XDV.1*"	0.16279321	0	0.4905	79	"British Columbia"	0	"dashed"	"LP.8*"
"PQ*"	0.16272759	0	0.49079	76	"British Columbia"	0	"dashed"	"LP.8*"
"NB.1.8*"	0.16272759	0	0.49079	76	"British Columbia"	0	"dashed"	"LP.8*"
"XFG*"	0.1623109	NA	NA	245	"British Columbia"	0	"dashed"	"LP.8*"
"XFG.14.1.1"	0.15856389	0	0.37641	12	"Ontario"	0	"dashed"	"LP.8.1.1"
"XFV"	0.15637605	0.140738445	0.172013655	27	"Ontario"	0	"solid"	"LP.8.1.1"
"NY.3"	0.15467399	0.139206591	0.170141389	12	"Canada"	0	"solid"	"LP.8.1.1"
"XFG.3.7*"	0.14718081	0.132462729	0.161898891	11	"Alberta"	0	"solid"	"LP.8*"
"PQ.2*"	0.14711826	0	0.47707	13	"British Columbia"	0	"dashed"	"LP.8*"
"QF.2"	0.14591957	0.04549	0.24635	66	"Canada"	0	"dashed"	"LP.8.1.1"
"XFG.6"	0.14144787	0.127303083	0.155592657	38	"Ontario"	0	"solid"	"LP.8.1.1"
"XFG.3.7*"	0.14058764	0.126528876	0.154646404	19	"Canada"	0	"solid"	"LP.8*"
"XFG.3.28"	0.13320046	0.02524	0.24116	11	"Canada"	0	"dashed"	"LP.8.1.1"
"QT.3"	0.13088672	0.01736	0.24441	36	"Canada"	0	"dashed"	"LP.8.1.1"
"PQ.1.2"	0.12975843	0.02904	0.23048	18	"Canada"	0	"dashed"	"LP.8.1.1"
"QF*"	0.1272295	0.00097	0.25349	24	"Alberta"	0	"dashed"	"LP.8*"
"XFG.17.2.1"	0.1267383	0.01416	0.23932	19	"Canada"	0	"dashed"	"LP.8.1.1"
"QT.3"	0.12607529	0	0.27551	33	"Ontario"	0	"dashed"	"LP.8.1.1"
"XFG.5.4"	0.12541359	0	0.2768	15	"Ontario"	0	"dashed"	"LP.8.1.1"
"XFG.5.4*"	0.12541359	0	0.2768	15	"Ontario"	0	"dashed"	"LP.8*"
"QF.4"	0.12485761	0.02555	0.22417	13	"Canada"	0	"dashed"	"LP.8.1.1"
"XFG.6.2"	0.1237182	0	0.30758	11	"Ontario"	0	"dashed"	"LP.8.1.1"
"XFG.6"	0.12302424	0.04593	0.20012	52	"Canada"	0	"dashed"	"LP.8.1.1"
"XFG.3.7.1"	0.12291127	0.00302	0.2428	13	"Canada"	0	"dashed"	"LP.8.1.1"
"XFG.3.16"	0.12148224	0	0.29197	14	"Canada"	0	"dashed"	"LP.8.1.1"
"PQ.31"	0.12128749	0.02407	0.21851	14	"Canada"	0	"dashed"	"LP.8.1.1"
"XFG.17.2.1"	0.12010218	0	0.26201	12	"Ontario"	0	"dashed"	"LP.8.1.1"
"QF.1*"	0.11931357	0	0.24958	12	"Canada"	0	"dashed"	"LP.8*"
"PQ.8.1"	0.11880418	0	0.25306	12	"Canada"	0	"dashed"	"LP.8.1.1"
"XFG.5*"	0.11865907	0	0.37871	31	"British Columbia"	0	"dashed"	"LP.8*"
"PQ.14"	0.11832249	0	0.23803	13	"Alberta"	0	"dashed"	"LP.8.1.1"
"QF.2"	0.11826087	0.01373	0.22279	56	"Ontario"	0	"dashed"	"LP.8.1.1"
"XFG.3.4.6"	0.11718755	0.03027	0.2041	29	"Alberta"	0	"dashed"	"LP.8.1.1"
"XFG.3.4.9"	0.11493014	0.01142	0.21844	19	"Alberta"	0	"dashed"	"LP.8.1.1"
"XFV*"	0.11168391	0	0.22969	28	"Ontario"	0	"dashed"	"LP.8*"
"XFG.14.1"	0.1104455	0.00332	0.21757	44	"Ontario"	0	"dashed"	"LP.8.1.1"
"QF.1*"	0.10966845	0	0.25187	12	"Ontario"	0	"dashed"	"LP.8*"
"XFG.10*"	0.10960397	0.01484	0.20437	25	"Alberta"	0	"dashed"	"LP.8*"
"XFG.9.3"	0.10924885	0.0121	0.2064	22	"Ontario"	0	"dashed"	"LP.8.1.1"
"XFG.3.16*"	0.10857245	0.02618	0.19097	16	"Canada"	0	"dashed"	"LP.8*"
"PQ.2.1"	0.10789288	0.01222	0.20357	27	"Ontario"	0	"dashed"	"LP.8.1.1"
"XFG.9"	0.10687115	0.03871	0.17503	36	"Canada"	0	"dashed"	"LP.8.1.1"
"XFG.3.26"	0.10498067	0.02242	0.18754	11	"Canada"	0	"dashed"	"LP.8.1.1"
"XFG.3.4.9"	0.10360621	0.0516	0.15561	62	"Canada"	0	"dashed"	"LP.8.1.1"
"XFG.2.3.1"	0.10295879	0.03645	0.16947	32	"Canada"	0	"dashed"	"LP.8.1.1"
"XFG.17*"	0.10276585	0.03202	0.17351	25	"Canada"	0	"dashed"	"LP.8*"
"XFG.2"	0.10272037	0	0.32796	31	"British Columbia"	0	"dashed"	"LP.8.1.1"
"XFG.2*"	0.10272037	0	0.32796	31	"British Columbia"	0	"dashed"	"LP.8*"
"XFG.3.24"	0.10266274	0.01369	0.19164	16	"Ontario"	0	"dashed"	"LP.8.1.1"
"PQ.34*"	0.09987601	0.01725	0.18251	17	"Canada"	0	"dashed"	"LP.8*"
"XFV"	0.09946468	0.02847	0.17045	36	"Canada"	0	"dashed"	"LP.8.1.1"
"XFG.3.3"	0.09931246	0	0.20836	20	"Ontario"	0	"dashed"	"LP.8.1.1"
"XFG.5.1.4"	0.09927257	0.01044	0.18811	29	"Alberta"	0	"dashed"	"LP.8.1.1"
"XFG.8"	0.09882487	0.01274	0.1849	35	"Ontario"	0	"dashed"	"LP.8.1.1"
"XFG.17.2*"	0.09874462	0.02783	0.16966	21	"Canada"	0	"dashed"	"LP.8*"
"PQ.34"	0.09764197	0.01207	0.18321	12	"Canada"	0	"dashed"	"LP.8.1.1"
"PQ.2.5"	0.0971439	0.04355	0.15074	86	"Canada"	0	"dashed"	"LP.8.1.1"
"XFG.10"	0.09611499	0.0232	0.16903	11	"Canada"	0	"dashed"	"LP.8.1.1"
"XFG.3.24"	0.09588856	0.03133	0.16045	18	"Canada"	0	"dashed"	"LP.8.1.1"
"XFV*"	0.09508979	0.02744	0.16274	39	"Canada"	0	"dashed"	"LP.8*"
"PQ.31*"	0.09485083	0.02113	0.16857	17	"Canada"	0	"dashed"	"LP.8*"
"XFG.9"	0.09384726	0	0.18933	23	"Ontario"	0	"dashed"	"LP.8.1.1"
"XFG.5.2*"	0.09362749	0	0.34697	12	"British Columbia"	0	"dashed"	"LP.8*"
"XFG.26"	0.09351099	0.02085	0.16617	14	"Canada"	0	"dashed"	"LP.8.1.1"
"XFG.14.1"	0.09334306	0.03725	0.14944	79	"Canada"	0	"dashed"	"LP.8.1.1"
"PQ.35"	0.09331792	0.01097	0.17566	21	"Canada"	0	"dashed"	"LP.8.1.1"
"PQ.2.7"	0.09308028	0.02641	0.15975	11	"Canada"	0	"dashed"	"LP.8.1.1"
"XFG.22"	0.09240884	0.01763	0.16719	14	"Canada"	0	"dashed"	"LP.8.1.1"
"XFG.3.10"	0.0917365	0.02913	0.15434	27	"Canada"	0	"dashed"	"LP.8.1.1"
"QK*"	0.0917077	0.02339	0.16002	70	"Alberta"	0	"dashed"	"LP.8*"
"PQ.2.5*"	0.09158323	0.04012	0.14305	89	"Canada"	0	"dashed"	"LP.8*"
"XFG.2.3*"	0.09130005	0.03003	0.15257	39	"Canada"	0	"dashed"	"LP.8*"
"QK.2"	0.0912571	0.02276	0.15976	69	"Alberta"	0	"dashed"	"LP.8.1.1"
"XFG.9.4*"	0.09110753	0.02178	0.16044	27	"Canada"	0	"dashed"	"LP.8*"
"XFG.2.3.1"	0.09094184	0	0.18214	32	"Ontario"	0	"dashed"	"LP.8.1.1"
"XFG.4.1.4"	0.08986558	0	0.1862	18	"Ontario"	0	"dashed"	"LP.8.1.1"
"XFG.3.1.3"	0.08812554	0.01357	0.16268	16	"Canada"	0	"dashed"	"LP.8.1.1"
"XFG.3.1*"	0.08759367	0.02376	0.15143	96	"Alberta"	0	"dashed"	"LP.8*"
"XFG.14.1*"	0.08754938	0.03732	0.13778	119	"Canada"	0	"dashed"	"LP.8*"
"XFG.3.13"	0.08713372	0	0.18994	12	"Ontario"	0	"dashed"	"LP.8.1.1"
"PQ.4"	0.08642676	0.01678	0.15607	13	"Canada"	0	"dashed"	"LP.8.1.1"
"XFG.9.4"	0.08529575	0.02048	0.15011	25	"Canada"	0	"dashed"	"LP.8.1.1"
"XFG.1*"	0.08493118	0.03028	0.13958	42	"Canada"	0	"dashed"	"LP.8*"
"PQ.4*"	0.08409044	0.02903	0.13915	24	"Canada"	0	"dashed"	"LP.8*"
"XFG.1.1"	0.08401857	0.0312	0.13684	37	"Canada"	0	"dashed"	"LP.8.1.1"
"PQ.10*"	0.08287016	0.02341	0.14233	14	"Canada"	0	"dashed"	"LP.8*"
"PQ.17.2"	0.08263884	0.03109	0.13418	19	"Canada"	0	"dashed"	"LP.8.1.1"
"XFG.22*"	0.08260848	0.02288	0.14234	28	"Canada"	0	"dashed"	"LP.8*"
"PQ.2.4*"	0.08165557	0.01132	0.15199	11	"Canada"	0	"dashed"	"LP.8*"
"XFG.8.1"	0.08161081	0.03459	0.12863	41	"Canada"	0	"dashed"	"LP.8.1.1"
"XFG.14.1*"	0.08151864	0.00487	0.15816	79	"Ontario"	0	"dashed"	"LP.8*"
"XFG.2.3*"	0.08148366	0	0.17368	39	"Ontario"	0	"dashed"	"LP.8*"
"XFG.3.3*"	0.08094869	0	0.18055	26	"Ontario"	0	"dashed"	"LP.8*"
"XFG.10.1"	0.08092799	0	0.17709	13	"Alberta"	0	"dashed"	"LP.8.1.1"
"XFG.14.2"	0.07928972	0.03055	0.12803	34	"Canada"	0	"dashed"	"LP.8.1.1"
"XFG.5.4*"	0.07819236	0.01812	0.13827	18	"Canada"	0	"dashed"	"LP.8*"
"XFG.5.4"	0.078042	0.01777	0.13831	17	"Canada"	0	"dashed"	"LP.8.1.1"
"XFG.9.3"	0.07782289	0.03105	0.1246	33	"Canada"	0	"dashed"	"LP.8.1.1"
"XFG.3.5"	0.0777342	0.01556	0.13991	13	"Canada"	0	"dashed"	"LP.8.1.1"
"QT.1*"	0.07707512	0.02186	0.13229	13	"Canada"	0	"dashed"	"LP.8*"
"XFG.5.1.4"	0.07695523	0.0318	0.12211	66	"Canada"	0	"dashed"	"LP.8.1.1"
"PQ.17"	0.07622508	0.00362	0.14883	18	"Ontario"	0	"dashed"	"LP.8.1.1"
"PQ.8*"	0.07525034	0.01583	0.13467	17	"Canada"	0	"dashed"	"LP.8*"
"XFG.17*"	0.07524849	0.00128	0.14921	14	"Ontario"	0	"dashed"	"LP.8*"
"XFG.3.15"	0.0747208	0.009	0.14044	44	"Alberta"	0	"dashed"	"LP.8.1.1"
"XFG.14*"	0.07416728	0.00948	0.13886	120	"Ontario"	0	"dashed"	"LP.8*"
"XFG.8"	0.07396589	0.0285	0.11943	48	"Canada"	0	"dashed"	"LP.8.1.1"
"XFG.14*"	0.07389032	0.03357	0.11421	172	"Canada"	0	"dashed"	"LP.8*"
"PY.1.1.1"	0.07368511	0	0.14949	49	"Ontario"	0	"dashed"	"LP.8.1.1"
"XFG.9*"	0.07344347	0.011	0.13588	68	"Ontario"	0	"dashed"	"LP.8*"
"XFG.14.1*"	0.07337313	0	0.15332	29	"Alberta"	0	"dashed"	"LP.8*"
"XFG.14.1"	0.07290446	0	0.15386	25	"Alberta"	0	"dashed"	"LP.8.1.1"
"XFG.4.1.2"	0.07259692	0.03323	0.11196	47	"Canada"	0	"dashed"	"LP.8.1.1"
"XFG.17.2*"	0.07254686	0	0.14604	13	"Ontario"	0	"dashed"	"LP.8*"
"NY.3.4"	0.07136629	0.0057	0.13703	13	"Canada"	0	"dashed"	"LP.8.1.1"
"PY*"	0.07125554	0	0.14693	51	"Ontario"	0	"dashed"	"LP.8*"
"XFG.9.3*"	0.07080336	0.01112	0.13049	23	"Ontario"	0	"dashed"	"LP.8*"
"PQ.2.1"	0.07058293	0.00904	0.13213	17	"Alberta"	0	"dashed"	"LP.8.1.1"
"PY.1*"	0.07035303	0	0.14559	50	"Ontario"	0	"dashed"	"LP.8*"
"XFG.5.2"	0.0700754	0	0.14089	20	"Alberta"	0	"dashed"	"LP.8.1.1"
"XFG.10*"	0.06942139	0.02946	0.10938	84	"Canada"	0	"dashed"	"LP.8*"
"XFC.1.4"	0.06919827	0.0007	0.1377	21	"Ontario"	0	"dashed"	"LP.8.1.1"
"XFG.3.13"	0.069077	0.01962	0.11854	22	"Canada"	0	"dashed"	"LP.8.1.1"
"XFG.4.1.4"	0.06889314	0.01854	0.11924	40	"Canada"	0	"dashed"	"LP.8.1.1"
"XFG.3.3"	0.06882725	0.01249	0.12517	23	"Canada"	0	"dashed"	"LP.8.1.1"
"XFG.3.5*"	0.06881529	0	0.14729	15	"Ontario"	0	"dashed"	"LP.8*"
"LF.7.9*"	0.06826576	0	0.14353	52	"Ontario"	0	"dashed"	"LP.8*"
"XFG.9*"	0.06787296	0.0314	0.10435	107	"Canada"	0	"dashed"	"LP.8*"
"XFG.6.8"	0.06774346	0.01224	0.12325	20	"Canada"	0	"dashed"	"LP.8.1.1"
"XFJ*"	0.06760532	0.01807	0.11714	28	"Canada"	0	"dashed"	"LP.8*"
"PQ.17.2"	0.06736588	0.01229	0.12244	18	"Ontario"	0	"dashed"	"LP.8.1.1"
"XFG.5.2*"	0.06706453	0.00887	0.12526	166	"Alberta"	0	"dashed"	"LP.8*"
"QK.2"	0.06690477	0.03	0.10381	109	"Canada"	0	"dashed"	"LP.8.1.1"
"XFJ.3*"	0.06684686	0.01797	0.11573	23	"Canada"	0	"dashed"	"LP.8*"
"QK*"	0.06683399	0.02995	0.10372	112	"Canada"	0	"dashed"	"LP.8*"
"XFG.3.10"	0.0663525	0.01002	0.12268	22	"Ontario"	0	"dashed"	"LP.8.1.1"
"XFG.3.15"	0.06621257	0.03014	0.10229	173	"Canada"	0	"dashed"	"LP.8.1.1"
"XFG.5.2.5"	0.06603595	0.0068	0.12527	132	"Alberta"	0	"dashed"	"LP.8.1.1"
"XFJ.3.1*"	0.06591664	0.01927	0.11257	22	"Canada"	0	"dashed"	"LP.8*"
"NW.1.2.1"	0.06572376	0.01627	0.11518	32	"Canada"	0	"dashed"	"LP.8.1.1"
"XFG.14.2"	0.06571318	0.00801	0.12341	34	"Ontario"	0	"dashed"	"LP.8.1.1"
"XFJ.3.1"	0.06570352	0.01886	0.11255	21	"Canada"	0	"dashed"	"LP.8.1.1"
"XFG.3.1"	0.06562124	0.00748	0.12376	17	"Alberta"	0	"dashed"	"LP.8.1.1"
"QM*"	0.06560852	0	0.14201	26	"Ontario"	0	"dashed"	"LP.8*"
"XFJ.3.1"	0.06559773	0	0.133	18	"Ontario"	0	"dashed"	"LP.8.1.1"
"XFJ.3.1*"	0.06559773	0	0.133	18	"Ontario"	0	"dashed"	"LP.8*"
"XFJ.3*"	0.06559773	0	0.133	18	"Ontario"	0	"dashed"	"LP.8*"
"PQ.17"	0.06509999	0.02833	0.10187	70	"Canada"	0	"dashed"	"LP.8.1.1"
"XFG.6.2"	0.06502221	0.01273	0.11732	20	"Canada"	0	"dashed"	"LP.8.1.1"
"XFG.9.4*"	0.06501953	0	0.13636	17	"Ontario"	0	"dashed"	"LP.8*"
"PY.1.1.1"	0.06492217	0.02181	0.10803	81	"Canada"	0	"dashed"	"LP.8.1.1"
"NW.1.2.1"	0.06485115	0	0.14233	23	"Ontario"	0	"dashed"	"LP.8.1.1"
"XFG.4.1.2"	0.06483611	0.01594	0.11373	44	"Alberta"	0	"dashed"	"LP.8.1.1"
"XFG.2*"	0.06459426	0.00877	0.12042	77	"Alberta"	0	"dashed"	"LP.8*"
"XFG.5.2"	0.06453667	0.01426	0.11481	69	"Ontario"	0	"dashed"	"LP.8.1.1"
"XFG.2"	0.06420662	0.00816	0.12026	75	"Alberta"	0	"dashed"	"LP.8.1.1"
"QM*"	0.06384089	0.01673	0.11095	39	"Canada"	0	"dashed"	"LP.8*"
"QF.3"	0.06319327	0.01864	0.10774	29	"Canada"	0	"dashed"	"LP.8.1.1"
"XFG.3.1.1"	0.06287615	0.01416	0.11159	13	"Canada"	0	"dashed"	"LP.8.1.1"
"XFG.5.2"	0.06162563	0.02741	0.09584	95	"Canada"	0	"dashed"	"LP.8.1.1"
"XFG.9.4"	0.061351	0	0.12845	16	"Ontario"	0	"dashed"	"LP.8.1.1"
"NW.1.2"	0.06109075	0.01484	0.10734	43	"Canada"	0	"dashed"	"LP.8.1.1"
"XFG.9.3*"	0.06092024	0.02345	0.09839	35	"Canada"	0	"dashed"	"LP.8*"
"XFG.14.1.2"	0.06066921	0.0071	0.11423	21	"Canada"	0	"dashed"	"LP.8.1.1"
"XFG.3.4.9"	0.0596623	0.00025	0.11907	13	"Ontario"	0	"dashed"	"LP.8.1.1"
"XFG.3.4.6"	0.05940092	0.02501	0.0938	93	"Canada"	0	"dashed"	"LP.8.1.1"
"XFG.3.15"	0.0589558	0.00547	0.11244	110	"Ontario"	0	"dashed"	"LP.8.1.1"
"XFG.10.1"	0.05893546	0.02247	0.0954	59	"Canada"	0	"dashed"	"LP.8.1.1"
"XFG.5.2*"	0.0587101	0.0247	0.09272	281	"Canada"	0	"dashed"	"LP.8*"
"XFG.1*"	0.05860825	0	0.12084	29	"Ontario"	0	"dashed"	"LP.8*"
"XFG.2*"	0.058538	0.02562	0.09145	388	"Canada"	0	"dashed"	"LP.8*"
"XFG.5.2.5"	0.05831568	0.02251	0.09412	148	"Canada"	0	"dashed"	"LP.8.1.1"
"XFG.5.2*"	0.05815023	0.00346	0.11284	92	"Ontario"	0	"dashed"	"LP.8*"
"PY*"	0.05776011	0.01743	0.09809	84	"Canada"	0	"dashed"	"LP.8*"
"XFJ*"	0.05739047	0	0.11742	20	"Ontario"	0	"dashed"	"LP.8*"
"XFG.3.3*"	0.05733771	0.00651	0.10816	34	"Canada"	0	"dashed"	"LP.8*"
"PY.1*"	0.05728091	0.01711	0.09745	83	"Canada"	0	"dashed"	"LP.8*"
"XFG.1.1"	0.05698432	0.0014	0.11257	26	"Ontario"	0	"dashed"	"LP.8.1.1"
"XFG.5.2.4"	0.05690434	0.00199	0.11182	20	"Canada"	0	"dashed"	"LP.8.1.1"
"LF.7.9*"	0.05689768	0.01659	0.0972	85	"Canada"	0	"dashed"	"LP.8*"
"XFG.13"	0.0564561	0.01533	0.09758	26	"Canada"	0	"dashed"	"LP.8.1.1"
"NY.3*"	0.0562295	0.01142	0.10104	33	"Canada"	0	"dashed"	"LP.8*"
"PQ.2"	0.05612678	0	0.11518	41	"Alberta"	0	"dashed"	"LP.8.1.1"
"XFG.2"	0.0560807	0.02471	0.08745	344	"Canada"	0	"dashed"	"LP.8.1.1"
"XFG.2*"	0.05567581	0	0.11249	246	"Ontario"	0	"dashed"	"LP.8*"
"XFG"	0.05558341	0.02343	0.08773	153	"Canada"	0	"dashed"	"LP.8.1.1"
"XFG.3.4"	0.05557963	0.02065	0.09051	90	"Canada"	0	"dashed"	"LP.8.1.1"
"JN.1.16*"	0.0553828	0	0.12133	57	"Ontario"	0	"dashed"	"LP.8*"
"XFG.3.4"	0.05477408	0.00044	0.10911	56	"Ontario"	0	"dashed"	"LP.8.1.1"
"XFY"	0.05465709	0	0.11294	17	"Ontario"	0	"dashed"	"LP.8.1.1"
"LF.7*"	0.05462854	0	0.12059	56	"Ontario"	0	"dashed"	"LP.8*"
"LF*"	0.05462854	0	0.12059	56	"Ontario"	0	"dashed"	"LP.8*"
"XFG.5"	0.05406579	0.00361	0.10452	14	"Canada"	0	"dashed"	"LP.8.1.1"
"XFG.3"	0.05402457	0.0049	0.10315	99	"Alberta"	0	"dashed"	"LP.8.1.1"
"XFG.3.1*"	0.05384612	0.02261	0.08508	224	"Canada"	0	"dashed"	"LP.8*"
"QF*"	0.05358232	0.02541	0.08176	276	"Canada"	0	"dashed"	"LP.8*"
"XFG.2"	0.0526485	0.00082	0.10448	204	"Ontario"	0	"dashed"	"LP.8.1.1"
"XFG.8*"	0.05239849	0.02327	0.08152	115	"Canada"	0	"dashed"	"LP.8*"
"XFG.14*"	0.05200335	0	0.1088	36	"Alberta"	0	"dashed"	"LP.8*"
"XFG.5.1.4"	0.05200164	0	0.11216	20	"Ontario"	0	"dashed"	"LP.8.1.1"
"PQ.17*"	0.05196068	0.02349	0.08043	106	"Canada"	0	"dashed"	"LP.8*"
"PQ.2*"	0.05137987	0.00162	0.10114	67	"Alberta"	0	"dashed"	"LP.8*"
"XFY"	0.05112071	0.01673	0.08551	39	"Canada"	0	"dashed"	"LP.8.1.1"
"PQ.2*"	0.05091362	0.02301	0.07882	320	"Canada"	0	"dashed"	"LP.8*"
"XFG.6.8"	0.05087129	0	0.12499	17	"Ontario"	0	"dashed"	"LP.8.1.1"
"XFG.3*"	0.05069574	NA	NA	445	"Alberta"	0	"dashed"	"LP.8*"
"XFC.1.4"	0.05040463	0.01322	0.08759	28	"Canada"	0	"dashed"	"LP.8.1.1"
"XFC.1*"	0.05031213	0	0.1025	22	"Ontario"	0	"dashed"	"LP.8*"
"XFG.14.1.2"	0.05027646	0	0.12611	19	"Ontario"	0	"dashed"	"LP.8.1.1"
"XFG.6*"	0.0499979	0.00037	0.09963	17	"Alberta"	0	"dashed"	"LP.8*"
"XFG.3.1.9"	0.04962873	0.00272	0.09653	12	"Canada"	0	"dashed"	"LP.8.1.1"
"XFG.3.4.6"	0.04954671	0.0015	0.09759	44	"Ontario"	0	"dashed"	"LP.8.1.1"
"XFG.10*"	0.04925824	0.00325	0.09527	51	"Ontario"	0	"dashed"	"LP.8*"
"XFG.7*"	0.04922872	0.00482	0.09364	12	"Canada"	0	"dashed"	"LP.8*"
"PQ.2.1"	0.04916833	0.02189	0.07645	68	"Canada"	0	"dashed"	"LP.8.1.1"
"XFG.10.1"	0.04909707	0.00421	0.09398	46	"Ontario"	0	"dashed"	"LP.8.1.1"
"PQ.17*"	0.04881949	0	0.10319	27	"Alberta"	0	"dashed"	"LP.8*"
"XFG*"	0.04877401	NA	NA	1129	"Alberta"	0	"dashed"	"LP.8*"
"XFG.8.1"	0.04872912	0	0.11094	15	"Ontario"	0	"dashed"	"LP.8.1.1"
"PQ.17"	0.04796638	0	0.10384	23	"Alberta"	0	"dashed"	"LP.8.1.1"
"XFG.4.1.3"	0.04699698	0.01938	0.07461	92	"Canada"	0	"dashed"	"LP.8.1.1"
"XFG.5*"	0.04664683	NA	NA	293	"Alberta"	0	"dashed"	"LP.8*"
"XFG.9*"	0.04644978	0	0.10031	12	"Alberta"	0	"dashed"	"LP.8*"
"XFG.14"	0.04620775	0.0009	0.09152	14	"Canada"	0	"dashed"	"LP.8.1.1"
"XFG"	0.04616843	0.0023	0.09004	112	"Ontario"	0	"dashed"	"LP.8.1.1"
"XFG.3*"	0.0461497	NA	NA	1922	"Canada"	0	"dashed"	"LP.8*"
"XFG.3"	0.04605004	0.01804	0.07406	475	"Canada"	0	"dashed"	"LP.8.1.1"
"LF.7*"	0.04598656	0.0122	0.07978	111	"Canada"	0	"dashed"	"LP.8*"
"XFG*"	0.04597613	NA	NA	4335	"Canada"	0	"dashed"	"LP.8*"
"XFG.4.1*"	0.04568214	0.01607	0.0753	301	"Canada"	0	"dashed"	"LP.8*"
"PQ*"	0.04555952	0	0.09229	227	"Alberta"	0	"dashed"	"LP.8*"
"QT*"	0.04549925	0.0032	0.0878	48	"Ontario"	0	"dashed"	"LP.8*"
"XFG.6*"	0.0452317	0.01807	0.07239	126	"Canada"	0	"dashed"	"LP.8*"
"XFC.1*"	0.0452038	0.01085	0.07956	31	"Canada"	0	"dashed"	"LP.8*"
"NB.1.8*"	0.04491525	0	0.09153	229	"Alberta"	0	"dashed"	"LP.8*"
"NW.1.2*"	0.04481023	0.00939	0.08023	91	"Canada"	0	"dashed"	"LP.8*"
"XFG.8*"	0.04475621	0	0.09137	73	"Ontario"	0	"dashed"	"LP.8*"
"XFG.3.1"	0.04470416	0.01187	0.07754	66	"Canada"	0	"dashed"	"LP.8.1.1"
"LF*"	0.04455377	0.0112	0.07791	112	"Canada"	0	"dashed"	"LP.8*"
"XFG.3.4*"	0.04452122	0.01929	0.06975	710	"Canada"	0	"dashed"	"LP.8*"
"XFG.4.1.3"	0.04444799	0.00689	0.082	30	"Alberta"	0	"dashed"	"LP.8.1.1"
"XFG.4.1*"	0.04441244	0	0.09379	139	"Ontario"	0	"dashed"	"LP.8*"
"XFG.3.4.3"	0.04429946	0	0.09408	58	"Ontario"	0	"dashed"	"LP.8.1.1"
"XFG.4.1.4"	0.04425389	0	0.1085	16	"Alberta"	0	"dashed"	"LP.8.1.1"
"JN.1.16*"	0.04406413	0.0108	0.07733	114	"Canada"	0	"dashed"	"LP.8*"
"XDV.1*"	0.0438429	NA	NA	245	"Alberta"	0	"dashed"	"LP.8*"
"PY.1.1.1"	0.04373122	0	0.09739	19	"Alberta"	0	"dashed"	"LP.8.1.1"
"PY*"	0.04373122	0	0.09739	19	"Alberta"	0	"dashed"	"LP.8*"
"LF.7.9*"	0.04373122	0	0.09739	19	"Alberta"	0	"dashed"	"LP.8*"
"PY.1*"	0.04373122	0	0.09739	19	"Alberta"	0	"dashed"	"LP.8*"
"XFG.4.1"	0.04372636	0	0.09619	66	"Ontario"	0	"dashed"	"LP.8.1.1"
"PQ.2"	0.04370843	0.01267	0.07475	127	"Canada"	0	"dashed"	"LP.8.1.1"
"XFG.3"	0.04347281	NA	NA	321	"Ontario"	0	"dashed"	"LP.8.1.1"
"NW.1*"	0.04325456	0.00913	0.07738	97	"Canada"	0	"dashed"	"LP.8*"
"QK*"	0.04283423	0.00047	0.08519	28	"Ontario"	0	"dashed"	"LP.8*"
"NW*"	0.04259466	0.00853	0.07666	98	"Canada"	0	"dashed"	"LP.8*"
"PQ*"	0.04252963	NA	NA	1077	"Canada"	0	"dashed"	"LP.8*"
"XFG.5.1.2"	0.04252626	0	0.11	14	"Canada"	0	"dashed"	"LP.8.1.1"
"XDV.1*"	0.04251065	NA	NA	1118	"Canada"	0	"dashed"	"LP.8*"
"NB.1.8*"	0.04241026	NA	NA	1079	"Canada"	0	"dashed"	"LP.8*"
"QT*"	0.04231182	0.01561	0.06902	77	"Canada"	0	"dashed"	"LP.8*"
"QF*"	0.04229452	0.00311	0.08148	211	"Ontario"	0	"dashed"	"LP.8*"
"PQ.2*"	0.04198706	0.00086	0.08312	124	"Ontario"	0	"dashed"	"LP.8*"
"QK.2"	0.04196953	0	0.0842	27	"Ontario"	0	"dashed"	"LP.8.1.1"
"NB.1.8.1"	0.04188119	0.0116	0.07216	312	"Canada"	0	"dashed"	"LP.8.1.1"
"XFG.8*"	0.04177927	0	0.0913	11	"Alberta"	0	"dashed"	"LP.8*"
"QT*"	0.04177611	0	0.08802	20	"Alberta"	0	"dashed"	"LP.8*"
"PQ.6"	0.04167524	0	0.08772	12	"Canada"	0	"dashed"	"LP.8.1.1"
"PF.2*"	0.04167126	0	0.08867	25	"Canada"	0	"dashed"	"LP.8*"
"XFG.3.9"	0.04154382	0.00447	0.07862	34	"Canada"	0	"dashed"	"LP.8.1.1"
"NB.1.8.1"	0.0413757	0	0.09235	166	"Ontario"	0	"dashed"	"LP.8.1.1"
"XFG.3*"	0.04137543	NA	NA	1146	"Ontario"	0	"dashed"	"LP.8*"
"XFG.3.6"	0.04105478	0	0.08798	35	"Ontario"	0	"dashed"	"LP.8.1.1"
"XFG.4.1.3"	0.04097738	0	0.08296	54	"Ontario"	0	"dashed"	"LP.8.1.1"
"PQ.17*"	0.04095109	0.0029	0.07901	41	"Ontario"	0	"dashed"	"LP.8*"
"XFG*"	0.04094761	NA	NA	2496	"Ontario"	0	"dashed"	"LP.8*"
"XFG.5*"	0.04071097	NA	NA	645	"Canada"	0	"dashed"	"LP.8*"
"XFG.3.4*"	0.04070626	0.00072	0.08069	125	"Alberta"	0	"dashed"	"LP.8*"
"XFG.4*"	0.04059611	0	0.08454	142	"Alberta"	0	"dashed"	"LP.8*"
"XFG.4*"	0.04044759	0.01172	0.06918	378	"Canada"	0	"dashed"	"LP.8*"
"PQ.1*"	0.03979251	0	0.09233	16	"Ontario"	0	"dashed"	"LP.8*"
"XFG.5.1*"	0.03925957	0	0.09693	123	"Ontario"	0	"dashed"	"LP.8*"
"XFG.3.4.1"	0.03921721	0.01159	0.06684	118	"Canada"	0	"dashed"	"LP.8.1.1"
"PQ.32"	0.03911842	0	0.08708	13	"Canada"	0	"dashed"	"LP.8.1.1"
"XFG.4.1*"	0.0389569	0	0.08188	132	"Alberta"	0	"dashed"	"LP.8*"
"NW.1.2*"	0.03863007	0	0.08973	33	"Ontario"	0	"dashed"	"LP.8*"
"XFG.3.4*"	0.03861471	NA	NA	443	"Ontario"	0	"dashed"	"LP.8*"
"XFG.4.1"	0.03841112	0.0068	0.07002	121	"Canada"	0	"dashed"	"LP.8.1.1"
"LF.7*"	0.03833178	0	0.08468	23	"Alberta"	0	"dashed"	"LP.8*"
"JN.1.16*"	0.03833178	0	0.08468	23	"Alberta"	0	"dashed"	"LP.8*"
"LF*"	0.03833178	0	0.08468	23	"Alberta"	0	"dashed"	"LP.8*"
"XFG.6*"	0.03747921	0	0.07687	87	"Ontario"	0	"dashed"	"LP.8*"
"XFG.3.4.2"	0.03716677	0	0.09229	12	"Alberta"	0	"dashed"	"LP.8.1.1"
"XFG.4*"	0.03711799	NA	NA	175	"Ontario"	0	"dashed"	"LP.8*"
"XFG.3.3.1"	0.0368562	0	0.08939	11	"Canada"	0	"dashed"	"LP.8.1.1"
"PF.2"	0.03681464	0	0.09064	17	"Canada"	0	"dashed"	"LP.8.1.1"
"XFG.5.1"	0.03629846	0	0.09054	90	"Ontario"	0	"dashed"	"LP.8.1.1"
"XFG.5.1*"	0.03601091	0.00752	0.0645	292	"Canada"	0	"dashed"	"LP.8*"
"XFY"	0.03573184	0	0.08095	16	"Alberta"	0	"dashed"	"LP.8.1.1"
"XFG.5*"	0.03557164	NA	NA	273	"Ontario"	0	"dashed"	"LP.8*"
"XFG.3.4.3"	0.03519008	0.00614	0.06424	92	"Canada"	0	"dashed"	"LP.8.1.1"
"XFG.3.4"	0.03504011	0	0.09189	14	"Alberta"	0	"dashed"	"LP.8.1.1"
"NB.1.8.1"	0.03456929	0	0.08154	61	"Alberta"	0	"dashed"	"LP.8.1.1"
"XFG.5.1*"	0.03418087	0	0.07628	115	"Alberta"	0	"dashed"	"LP.8*"
"PQ.1*"	0.03386886	0.00529	0.06244	50	"Canada"	0	"dashed"	"LP.8*"
"XDV.1*"	0.03379605	NA	NA	467	"Ontario"	0	"dashed"	"LP.8*"
"XFC*"	0.03352478	0.0047	0.06235	46	"Canada"	0	"dashed"	"LP.8*"
"PQ*"	0.03332815	NA	NA	450	"Ontario"	0	"dashed"	"LP.8*"
"NB.1.8*"	0.03332815	NA	NA	450	"Ontario"	0	"dashed"	"LP.8*"
"XFG.3.6"	0.03290194	0.00412	0.06168	55	"Canada"	0	"dashed"	"LP.8.1.1"
"XFG.3.9"	0.03269782	0	0.09252	17	"Alberta"	0	"dashed"	"LP.8.1.1"
"XFG.13"	0.03233105	0	0.07769	13	"Alberta"	0	"dashed"	"LP.8.1.1"
"QF.3"	0.03223175	0	0.08843	16	"Ontario"	0	"dashed"	"LP.8.1.1"
"NW.1*"	0.03214977	0	0.07864	35	"Ontario"	0	"dashed"	"LP.8*"
"XFC*"	0.0311826	0	0.07121	30	"Ontario"	0	"dashed"	"LP.8*"
"NW*"	0.03085403	0	0.07704	36	"Ontario"	0	"dashed"	"LP.8*"
"XFG.8.5"	0.03038201	0	0.0635	15	"Canada"	0	"dashed"	"LP.8.1.1"
"PQ.5"	0.03024372	0	0.07343	11	"Canada"	0	"dashed"	"LP.8.1.1"
"PQ.13*"	0.03021914	0	0.06231	23	"Canada"	0	"dashed"	"LP.8*"
"PQ.14"	0.03007645	0.00041	0.05975	70	"Canada"	0	"dashed"	"LP.8.1.1"
"XFG.3.1*"	0.02996534	0	0.0726	79	"Ontario"	0	"dashed"	"LP.8*"
"XFG.5.1"	0.02974981	0.00218	0.05732	210	"Canada"	0	"dashed"	"LP.8.1.1"
"XFG.5.1.2"	0.02972911	0	0.13656	11	"Ontario"	0	"dashed"	"LP.8.1.1"
"XFG.5.2.4"	0.02960113	0	0.11258	13	"Ontario"	0	"dashed"	"LP.8.1.1"
"XFG.3.5*"	0.02934361	0	0.06113	37	"Canada"	0	"dashed"	"LP.8*"
"XFG.4"	0.02925278	0	0.06104	62	"Canada"	0	"dashed"	"LP.8.1.1"
"PQ.2"	0.02887894	0	0.07114	58	"Ontario"	0	"dashed"	"LP.8.1.1"
"XFG.3.4.1"	0.02811341	0	0.06581	85	"Ontario"	0	"dashed"	"LP.8.1.1"
"QS*"	0.02806419	0.00198	0.05414	107	"Canada"	0	"dashed"	"LP.8*"
"QS*"	0.02779512	0	0.06678	68	"Ontario"	0	"dashed"	"LP.8*"
"XFG.5.1"	0.02725418	0	0.06951	84	"Alberta"	0	"dashed"	"LP.8.1.1"
"NY.3*"	0.02651501	0	0.1021	13	"Ontario"	0	"dashed"	"LP.8*"
"PQ.13.1"	0.02610037	0	0.0594	20	"Canada"	0	"dashed"	"LP.8.1.1"
"XFC*"	0.0256416	0	0.07804	12	"Alberta"	0	"dashed"	"LP.8*"
"PQ.17.1"	0.02366788	0	0.06416	11	"Canada"	0	"dashed"	"LP.8.1.1"
"XFG.4"	0.02094436	0	0.06927	36	"Ontario"	0	"dashed"	"LP.8.1.1"
"PQ.1"	0.02090331	0	0.04913	26	"Canada"	0	"dashed"	"LP.8.1.1"
"XFG.3.1"	0.0199618	0	0.06558	31	"Ontario"	0	"dashed"	"LP.8.1.1"
"XFG.6.1"	0.01966465	0	0.0481	27	"Canada"	0	"dashed"	"LP.8.1.1"
"XFG.8.5"	0.01955081	0	0.06139	14	"Ontario"	0	"dashed"	"LP.8.1.1"
"XFG.4.1"	0.01935199	0	0.0673	42	"Alberta"	0	"dashed"	"LP.8.1.1"
"XFG.3.4.2"	0.01907392	0	0.05503	28	"Canada"	0	"dashed"	"LP.8.1.1"
"PQ.13*"	0.01887312	0	0.06173	20	"Ontario"	0	"dashed"	"LP.8*"
"XFG.3.5.2"	0.01838322	0	0.04951	24	"Canada"	0	"dashed"	"LP.8.1.1"
"PQ.13.1"	0.01531666	0	0.05822	18	"Ontario"	0	"dashed"	"LP.8.1.1"
"NW.1*"	0.01461857	0	0.07883	14	"Alberta"	0	"dashed"	"LP.8*"
"NW.1.2*"	0.01461857	0	0.07883	14	"Alberta"	0	"dashed"	"LP.8*"
"NW*"	0.01461857	0	0.07883	14	"Alberta"	0	"dashed"	"LP.8*"
"XFG.21"	0.01287587	0	0.05498	14	"Canada"	0	"dashed"	"LP.8.1.1"
"XFG.5.3"	0.01159849	0	0.04348	40	"Canada"	0	"dashed"	"LP.8.1.1"
"XFG.31"	0.00417872	0	0.03142	39	"Canada"	0	"dashed"	"LP.8.1.1"
"XFG.3.4.3"	0.00373408	0	0.03889	18	"Alberta"	0	"dashed"	"LP.8.1.1"
"QS*"	0.00373408	0	0.03889	18	"Alberta"	0	"dashed"	"LP.8*"
"XFG.21"	0.00207553	0	0.05214	12	"Ontario"	0	"dashed"	"LP.8.1.1"
"XFG.6.1"	0.00194594	0	0.04272	21	"Ontario"	0	"dashed"	"LP.8.1.1"
"XFG.5.3"	0.00174487	0	0.05414	39	"Ontario"	0	"dashed"	"LP.8.1.1"
