prname,pruid,reporting_year,reporting_week,date,numtests_weekly,percentpositivity_weekly,update
British Columbia,59.0,2022,35,2022-09-03,14523.0,7.3,1.0
Alberta,48.0,2022,35,2022-09-03,6922.0,18.3,1.0
Saskatchewan,47.0,2022,35,2022-09-03,5267.0,10.1,1.0
Manitoba,46.0,2022,35,2022-09-03,2225.0,23.4,1.0
Ontario,35.0,2022,35,2022-09-03,28978.0,12.7,1.0
Quebec,24.0,2022,35,2022-09-03,26510.0,12.3,1.0
Newfoundland and Labrador,10.0,2022,35,2022-09-03,536.0,25.0,1.0
New Brunswick,13.0,2022,35,2022-09-03,2877.0,15.9,1.0
Nova Scotia,12.0,2022,35,2022-09-03,5006.0,24.4,1.0
Prince Edward Island,11.0,2022,35,2022-09-03,1898.0,31.6,1.0
Yukon,60.0,2022,35,2022-09-03,359.0,7.8,1.0
Northwest Territories,61.0,2022,35,2022-09-03,32.0,3.1,1.0
Nunavut,62.0,2022,35,2022-09-03,170.0,13.5,1.0
Canada,1.0,2022,35,2022-09-03,95303.0,13.4,
British Columbia,59.0,2022,36,2022-09-10,13642.0,7.4,1.0
Alberta,48.0,2022,36,2022-09-10,6564.0,17.0,1.0
Saskatchewan,47.0,2022,36,2022-09-10,4726.0,10.6,1.0
Manitoba,46.0,2022,36,2022-09-10,2080.0,21.3,1.0
Ontario,35.0,2022,36,2022-09-10,25742.0,12.0,1.0
Quebec,24.0,2022,36,2022-09-10,25632.0,12.4,1.0
Newfoundland and Labrador,10.0,2022,36,2022-09-10,405.0,20.7,1.0
New Brunswick,13.0,2022,36,2022-09-10,2723.0,21.0,1.0
Nova Scotia,12.0,2022,36,2022-09-10,4662.0,22.6,1.0
Prince Edward Island,11.0,2022,36,2022-09-10,1430.0,27.6,1.0
Yukon,60.0,2022,36,2022-09-10,227.0,6.6,1.0
Northwest Territories,61.0,2022,36,2022-09-10,21.0,14.3,1.0
Nunavut,62.0,2022,36,2022-09-10,148.0,16.9,1.0
Canada,1.0,2022,36,2022-09-10,88002.0,13.1,
British Columbia,59.0,2022,37,2022-09-17,15727.0,6.7,1.0
Alberta,48.0,2022,37,2022-09-17,6969.0,19.6,1.0
Saskatchewan,47.0,2022,37,2022-09-17,5432.0,9.5,1.0
Manitoba,46.0,2022,37,2022-09-17,1840.0,23.3,1.0
Ontario,35.0,2022,37,2022-09-17,28069.0,12.7,1.0
Quebec,24.0,2022,37,2022-09-17,26087.0,12.2,1.0
Newfoundland and Labrador,10.0,2022,37,2022-09-17,407.0,20.4,1.0
New Brunswick,13.0,2022,37,2022-09-17,2794.0,12.1,1.0
Nova Scotia,12.0,2022,37,2022-09-17,5161.0,21.0,1.0
Prince Edward Island,11.0,2022,37,2022-09-17,1426.0,24.3,1.0
Yukon,60.0,2022,37,2022-09-17,229.0,9.2,1.0
Northwest Territories,61.0,2022,37,2022-09-17,48.0,8.3,1.0
Nunavut,62.0,2022,37,2022-09-17,170.0,20.0,1.0
Canada,1.0,2022,37,2022-09-17,94359.0,12.7,
British Columbia,59.0,2022,38,2022-09-24,15532.0,7.0,1.0
Alberta,48.0,2022,38,2022-09-24,7721.0,20.4,1.0
Saskatchewan,47.0,2022,38,2022-09-24,5348.0,9.6,1.0
Manitoba,46.0,2022,38,2022-09-24,1973.0,23.4,1.0
Ontario,35.0,2022,38,2022-09-24,28977.0,12.4,1.0
Quebec,24.0,2022,38,2022-09-24,26923.0,13.4,1.0
Newfoundland and Labrador,10.0,2022,38,2022-09-24,498.0,22.3,1.0
New Brunswick,13.0,2022,38,2022-09-24,2496.0,22.0,1.0
Nova Scotia,12.0,2022,38,2022-09-24,4929.0,23.8,1.0
Prince Edward Island,11.0,2022,38,2022-09-24,1422.0,30.0,1.0
Yukon,60.0,2022,38,2022-09-24,236.0,7.2,1.0
Northwest Territories,61.0,2022,38,2022-09-24,34.0,35.3,1.0
Nunavut,62.0,2022,38,2022-09-24,190.0,10.0,1.0
Canada,1.0,2022,38,2022-09-24,96279.0,13.6,
British Columbia,59.0,2022,39,2022-10-01,11511.0,9.7,1.0
Alberta,48.0,2022,39,2022-10-01,7795.0,19.7,1.0
Saskatchewan,47.0,2022,39,2022-10-01,5067.0,11.7,1.0
Manitoba,46.0,2022,39,2022-10-01,2022.0,23.9,1.0
Ontario,35.0,2022,39,2022-10-01,27909.0,13.6,1.0
Quebec,24.0,2022,39,2022-10-01,29659.0,13.2,1.0
Newfoundland and Labrador,10.0,2022,39,2022-10-01,496.0,26.2,1.0
New Brunswick,13.0,2022,39,2022-10-01,2269.0,18.7,1.0
Nova Scotia,12.0,2022,39,2022-10-01,4745.0,24.5,1.0
Prince Edward Island,11.0,2022,39,2022-10-01,801.0,26.2,1.0
Yukon,60.0,2022,39,2022-10-01,200.0,8.5,1.0
Northwest Territories,61.0,2022,39,2022-10-01,36.0,8.3,1.0
Nunavut,62.0,2022,39,2022-10-01,162.0,6.8,1.0
Canada,1.0,2022,39,2022-10-01,92672.0,14.4,
British Columbia,59.0,2022,40,2022-10-08,6525.0,13.0,1.0
Alberta,48.0,2022,40,2022-10-08,7855.0,19.5,1.0
Saskatchewan,47.0,2022,40,2022-10-08,5120.0,9.7,1.0
Manitoba,46.0,2022,40,2022-10-08,1791.0,23.3,1.0
Ontario,35.0,2022,40,2022-10-08,30640.0,14.5,1.0
Quebec,24.0,2022,40,2022-10-08,31738.0,13.4,1.0
Newfoundland and Labrador,10.0,2022,40,2022-10-08,560.0,26.4,1.0
New Brunswick,13.0,2022,40,2022-10-08,4621.0,13.9,1.0
Nova Scotia,12.0,2022,40,2022-10-08,4832.0,24.8,1.0
Prince Edward Island,11.0,2022,40,2022-10-08,1277.0,29.1,1.0
Yukon,60.0,2022,40,2022-10-08,261.0,6.1,1.0
Northwest Territories,61.0,2022,40,2022-10-08,43.0,4.7,1.0
Nunavut,62.0,2022,40,2022-10-08,192.0,6.2,1.0
Canada,1.0,2022,40,2022-10-08,95455.0,15.1,
British Columbia,59.0,2022,41,2022-10-15,6458.0,13.3,1.0
Alberta,48.0,2022,41,2022-10-15,7587.0,19.1,1.0
Saskatchewan,47.0,2022,41,2022-10-15,4632.0,10.0,1.0
Manitoba,46.0,2022,41,2022-10-15,3222.0,25.9,1.0
Ontario,35.0,2022,41,2022-10-15,28633.0,17.0,1.0
Quebec,24.0,2022,41,2022-10-15,32472.0,13.4,1.0
Newfoundland and Labrador,10.0,2022,41,2022-10-15,528.0,26.5,1.0
New Brunswick,13.0,2022,41,2022-10-15,2767.0,25.0,1.0
Nova Scotia,12.0,2022,41,2022-10-15,4922.0,26.9,1.0
Prince Edward Island,11.0,2022,41,2022-10-15,1401.0,31.5,1.0
Yukon,60.0,2022,41,2022-10-15,263.0,4.9,1.0
Northwest Territories,61.0,2022,41,2022-10-15,53.0,9.4,1.0
Nunavut,62.0,2022,41,2022-10-15,153.0,5.9,1.0
Canada,1.0,2022,41,2022-10-15,93091.0,16.6,
British Columbia,59.0,2022,42,2022-10-22,6521.0,11.1,1.0
Alberta,48.0,2022,42,2022-10-22,8013.0,19.5,1.0
Saskatchewan,47.0,2022,42,2022-10-22,6779.0,11.6,1.0
Manitoba,46.0,2022,42,2022-10-22,2102.0,23.3,1.0
Ontario,35.0,2022,42,2022-10-22,26742.0,17.3,1.0
Quebec,24.0,2022,42,2022-10-22,32789.0,12.1,1.0
Newfoundland and Labrador,10.0,2022,42,2022-10-22,587.0,28.3,1.0
New Brunswick,13.0,2022,42,2022-10-22,4688.0,15.6,1.0
Nova Scotia,12.0,2022,42,2022-10-22,5150.0,20.8,1.0
Prince Edward Island,11.0,2022,42,2022-10-22,1537.0,33.2,1.0
Yukon,60.0,2022,42,2022-10-22,188.0,8.5,1.0
Northwest Territories,61.0,2022,42,2022-10-22,50.0,8.0,1.0
Nunavut,62.0,2022,42,2022-10-22,121.0,5.0,1.0
Canada,1.0,2022,42,2022-10-22,95267.0,15.4,
British Columbia,59.0,2022,43,2022-10-29,5991.0,10.8,1.0
Alberta,48.0,2022,43,2022-10-29,8502.0,17.2,1.0
Saskatchewan,47.0,2022,43,2022-10-29,9033.0,11.8,1.0
Manitoba,46.0,2022,43,2022-10-29,2660.0,28.9,1.0
Ontario,35.0,2022,43,2022-10-29,25142.0,19.6,1.0
Quebec,24.0,2022,43,2022-10-29,33446.0,11.7,1.0
Newfoundland and Labrador,10.0,2022,43,2022-10-29,596.0,31.7,1.0
New Brunswick,13.0,2022,43,2022-10-29,2933.0,20.8,1.0
Nova Scotia,12.0,2022,43,2022-10-29,4734.0,21.0,1.0
Prince Edward Island,11.0,2022,43,2022-10-29,1300.0,23.5,1.0
Yukon,60.0,2022,43,2022-10-29,190.0,6.3,1.0
Northwest Territories,61.0,2022,43,2022-10-29,55.0,14.5,1.0
Nunavut,62.0,2022,43,2022-10-29,174.0,8.0,1.0
Canada,1.0,2022,43,2022-10-29,94756.0,15.8,
British Columbia,59.0,2022,44,2022-11-05,6497.0,8.6,1.0
Alberta,48.0,2022,44,2022-11-05,9118.0,16.8,1.0
Saskatchewan,47.0,2022,44,2022-11-05,6295.0,9.9,1.0
Manitoba,46.0,2022,44,2022-11-05,2297.0,23.7,1.0
Ontario,35.0,2022,44,2022-11-05,23508.0,16.6,1.0
Quebec,24.0,2022,44,2022-11-05,32678.0,11.3,1.0
Newfoundland and Labrador,10.0,2022,44,2022-11-05,476.0,21.8,1.0
New Brunswick,13.0,2022,44,2022-11-05,2908.0,15.6,1.0
Nova Scotia,12.0,2022,44,2022-11-05,4463.0,18.0,1.0
Prince Edward Island,11.0,2022,44,2022-11-05,1059.0,22.4,1.0
Yukon,60.0,2022,44,2022-11-05,241.0,11.6,1.0
Northwest Territories,61.0,2022,44,2022-11-05,42.0,9.5,1.0
Nunavut,62.0,2022,44,2022-11-05,186.0,4.8,1.0
Canada,1.0,2022,44,2022-11-05,89768.0,13.9,
British Columbia,59.0,2022,45,2022-11-12,6651.0,9.8,1.0
Alberta,48.0,2022,45,2022-11-12,9347.0,15.6,1.0
Saskatchewan,47.0,2022,45,2022-11-12,6491.0,7.9,1.0
Manitoba,46.0,2022,45,2022-11-12,2534.0,23.0,1.0
Ontario,35.0,2022,45,2022-11-12,22024.0,13.8,1.0
Quebec,24.0,2022,45,2022-11-12,31688.0,10.6,1.0
Newfoundland and Labrador,10.0,2022,45,2022-11-12,552.0,24.3,1.0
New Brunswick,13.0,2022,45,2022-11-12,4688.0,11.2,1.0
Nova Scotia,12.0,2022,45,2022-11-12,4106.0,15.0,1.0
Prince Edward Island,11.0,2022,45,2022-11-12,1167.0,20.0,1.0
Yukon,60.0,2022,45,2022-11-12,168.0,9.5,1.0
Northwest Territories,61.0,2022,45,2022-11-12,54.0,9.3,1.0
Nunavut,62.0,2022,45,2022-11-12,157.0,3.2,1.0
Canada,1.0,2022,45,2022-11-12,89627.0,12.4,
British Columbia,59.0,2022,46,2022-11-19,6640.0,9.8,1.0
Alberta,48.0,2022,46,2022-11-19,10473.0,14.5,1.0
Saskatchewan,47.0,2022,46,2022-11-19,7428.0,7.2,1.0
Manitoba,46.0,2022,46,2022-11-19,2754.0,18.3,1.0
Ontario,35.0,2022,46,2022-11-19,21425.0,12.6,1.0
Quebec,24.0,2022,46,2022-11-19,30792.0,11.1,1.0
Newfoundland and Labrador,10.0,2022,46,2022-11-19,577.0,24.3,1.0
New Brunswick,13.0,2022,46,2022-11-19,4543.0,10.1,1.0
Nova Scotia,12.0,2022,46,2022-11-19,4349.0,14.6,1.0
Prince Edward Island,11.0,2022,46,2022-11-19,1181.0,18.7,1.0
Yukon,60.0,2022,46,2022-11-19,148.0,4.7,1.0
Northwest Territories,61.0,2022,46,2022-11-19,55.0,25.5,1.0
Nunavut,62.0,2022,46,2022-11-19,152.0,3.9,1.0
Canada,1.0,2022,46,2022-11-19,90517.0,12.0,
British Columbia,59.0,2022,47,2022-11-26,7236.0,10.5,1.0
Alberta,48.0,2022,47,2022-11-26,10310.0,14.5,1.0
Saskatchewan,47.0,2022,47,2022-11-26,7187.0,6.8,1.0
Manitoba,46.0,2022,47,2022-11-26,2842.0,14.1,1.0
Ontario,35.0,2022,47,2022-11-26,20744.0,11.8,1.0
Quebec,24.0,2022,47,2022-11-26,33615.0,11.4,1.0
Newfoundland and Labrador,10.0,2022,47,2022-11-26,487.0,20.9,1.0
New Brunswick,13.0,2022,47,2022-11-26,4969.0,12.9,1.0
Nova Scotia,12.0,2022,47,2022-11-26,5021.0,11.6,1.0
Prince Edward Island,11.0,2022,47,2022-11-26,1184.0,22.3,1.0
Yukon,60.0,2022,47,2022-11-26,167.0,3.0,1.0
Northwest Territories,61.0,2022,47,2022-11-26,89.0,23.6,1.0
Nunavut,62.0,2022,47,2022-11-26,101.0,5.0,1.0
Canada,1.0,2022,47,2022-11-26,93952.0,11.8,
British Columbia,59.0,2022,48,2022-12-03,6818.0,9.8,1.0
Alberta,48.0,2022,48,2022-12-03,8601.0,14.6,1.0
Saskatchewan,47.0,2022,48,2022-12-03,6966.0,6.6,1.0
Manitoba,46.0,2022,48,2022-12-03,2919.0,14.5,1.0
Ontario,35.0,2022,48,2022-12-03,20852.0,11.4,1.0
Quebec,24.0,2022,48,2022-12-03,35633.0,12.9,1.0
Newfoundland and Labrador,10.0,2022,48,2022-12-03,703.0,18.3,1.0
New Brunswick,13.0,2022,48,2022-12-03,5280.0,12.3,1.0
Nova Scotia,12.0,2022,48,2022-12-03,5226.0,11.4,1.0
Prince Edward Island,11.0,2022,48,2022-12-03,1145.0,22.6,1.0
Yukon,60.0,2022,48,2022-12-03,180.0,6.1,1.0
Northwest Territories,61.0,2022,48,2022-12-03,80.0,8.8,1.0
Nunavut,62.0,2022,48,2022-12-03,93.0,9.7,1.0
Canada,1.0,2022,48,2022-12-03,94496.0,12.1,
British Columbia,59.0,2022,49,2022-12-10,7198.0,12.3,1.0
Alberta,48.0,2022,49,2022-12-10,7772.0,14.6,1.0
Saskatchewan,47.0,2022,49,2022-12-10,6493.0,6.5,1.0
Manitoba,46.0,2022,49,2022-12-10,2359.0,10.5,1.0
Ontario,35.0,2022,49,2022-12-10,21193.0,12.3,1.0
Quebec,24.0,2022,49,2022-12-10,35178.0,13.3,1.0
Newfoundland and Labrador,10.0,2022,49,2022-12-10,853.0,13.7,1.0
New Brunswick,13.0,2022,49,2022-12-10,6384.0,14.0,1.0
Nova Scotia,12.0,2022,49,2022-12-10,5150.0,11.9,1.0
Prince Edward Island,11.0,2022,49,2022-12-10,1058.0,21.9,1.0
Yukon,60.0,2022,49,2022-12-10,149.0,2.0,1.0
Northwest Territories,61.0,2022,49,2022-12-10,135.0,8.1,1.0
Nunavut,62.0,2022,49,2022-12-10,120.0,3.3,1.0
Canada,1.0,2022,49,2022-12-10,94042.0,12.6,
British Columbia,59.0,2022,50,2022-12-17,6965.0,10.7,1.0
Alberta,48.0,2022,50,2022-12-17,7619.0,13.4,1.0
Saskatchewan,47.0,2022,50,2022-12-17,6441.0,5.9,1.0
Manitoba,46.0,2022,50,2022-12-17,2219.0,11.3,1.0
Ontario,35.0,2022,50,2022-12-17,20346.0,13.9,1.0
Quebec,24.0,2022,50,2022-12-17,34763.0,14.2,1.0
Newfoundland and Labrador,10.0,2022,50,2022-12-17,826.0,14.5,1.0
New Brunswick,13.0,2022,50,2022-12-17,5627.0,12.0,1.0
Nova Scotia,12.0,2022,50,2022-12-17,4395.0,14.9,1.0
Prince Edward Island,11.0,2022,50,2022-12-17,933.0,19.9,1.0
Yukon,60.0,2022,50,2022-12-17,123.0,6.5,1.0
Northwest Territories,61.0,2022,50,2022-12-17,112.0,19.6,1.0
Nunavut,62.0,2022,50,2022-12-17,106.0,17.0,1.0
Canada,1.0,2022,50,2022-12-17,90475.0,13.1,
British Columbia,59.0,2022,51,2022-12-24,5579.0,12.6,1.0
Alberta,48.0,2022,51,2022-12-24,6230.0,14.1,1.0
Saskatchewan,47.0,2022,51,2022-12-24,5611.0,5.8,1.0
Manitoba,46.0,2022,51,2022-12-24,1964.0,10.1,1.0
Ontario,35.0,2022,51,2022-12-24,18610.0,15.8,1.0
Quebec,24.0,2022,51,2022-12-24,31047.0,14.5,1.0
Newfoundland and Labrador,10.0,2022,51,2022-12-24,688.0,14.5,1.0
New Brunswick,13.0,2022,51,2022-12-24,4863.0,12.2,1.0
Nova Scotia,12.0,2022,51,2022-12-24,3691.0,19.8,1.0
Prince Edward Island,11.0,2022,51,2022-12-24,983.0,20.4,1.0
Yukon,60.0,2022,51,2022-12-24,100.0,3.0,1.0
Northwest Territories,61.0,2022,51,2022-12-24,73.0,9.6,1.0
Nunavut,62.0,2022,51,2022-12-24,139.0,15.1,1.0
Canada,1.0,2022,51,2022-12-24,79578.0,14.1,
British Columbia,59.0,2022,52,2022-12-31,5877.0,14.4,1.0
Alberta,48.0,2022,52,2022-12-31,5852.0,16.1,1.0
Saskatchewan,47.0,2022,52,2022-12-31,4517.0,6.7,1.0
Manitoba,46.0,2022,52,2022-12-31,1837.0,10.8,1.0
Ontario,35.0,2022,52,2022-12-31,18079.0,17.1,1.0
Quebec,24.0,2022,52,2022-12-31,25661.0,15.2,1.0
Newfoundland and Labrador,10.0,2022,52,2022-12-31,586.0,18.4,1.0
New Brunswick,13.0,2022,52,2022-12-31,3609.0,13.7,1.0
Nova Scotia,12.0,2022,52,2022-12-31,3481.0,25.2,1.0
Prince Edward Island,11.0,2022,52,2022-12-31,782.0,21.2,1.0
Yukon,60.0,2022,52,2022-12-31,96.0,3.1,1.0
Northwest Territories,61.0,2022,52,2022-12-31,68.0,5.9,1.0
Nunavut,62.0,2022,52,2022-12-31,101.0,10.9,1.0
Canada,1.0,2022,52,2022-12-31,70546.0,15.5,
British Columbia,59.0,2023,1,2023-01-07,5974.0,14.2,1.0
Alberta,48.0,2023,1,2023-01-07,6515.0,15.7,1.0
Saskatchewan,47.0,2023,1,2023-01-07,5412.0,6.9,1.0
Manitoba,46.0,2023,1,2023-01-07,1997.0,9.4,1.0
Ontario,35.0,2023,1,2023-01-07,20785.0,18.0,1.0
Quebec,24.0,2023,1,2023-01-07,24860.0,13.6,1.0
Newfoundland and Labrador,10.0,2023,1,2023-01-07,725.0,19.6,1.0
New Brunswick,13.0,2023,1,2023-01-07,4297.0,13.0,1.0
Nova Scotia,12.0,2023,1,2023-01-07,4076.0,23.2,1.0
Prince Edward Island,11.0,2023,1,2023-01-07,836.0,18.4,1.0
Yukon,60.0,2023,1,2023-01-07,139.0,12.2,1.0
Northwest Territories,61.0,2023,1,2023-01-07,52.0,11.5,1.0
Nunavut,62.0,2023,1,2023-01-07,143.0,16.1,1.0
Canada,1.0,2023,1,2023-01-07,75811.0,15.0,
British Columbia,59.0,2023,2,2023-01-14,5694.0,12.9,1.0
Alberta,48.0,2023,2,2023-01-14,6667.0,14.9,1.0
Saskatchewan,47.0,2023,2,2023-01-14,5830.0,5.4,1.0
Manitoba,46.0,2023,2,2023-01-14,1834.0,11.3,1.0
Ontario,35.0,2023,2,2023-01-14,19450.0,15.4,1.0
Quebec,24.0,2023,2,2023-01-14,22690.0,12.0,1.0
Newfoundland and Labrador,10.0,2023,2,2023-01-14,724.0,13.8,1.0
New Brunswick,13.0,2023,2,2023-01-14,4207.0,10.6,1.0
Nova Scotia,12.0,2023,2,2023-01-14,3796.0,24.7,1.0
Prince Edward Island,11.0,2023,2,2023-01-14,903.0,17.9,1.0
Yukon,60.0,2023,2,2023-01-14,128.0,5.5,1.0
Northwest Territories,61.0,2023,2,2023-01-14,56.0,5.4,1.0
Nunavut,62.0,2023,2,2023-01-14,156.0,12.2,1.0
Canada,1.0,2023,2,2023-01-14,72135.0,13.4,
British Columbia,59.0,2023,3,2023-01-21,4637.0,11.5,1.0
Alberta,48.0,2023,3,2023-01-21,5748.0,12.3,1.0
Saskatchewan,47.0,2023,3,2023-01-21,5582.0,4.9,1.0
Manitoba,46.0,2023,3,2023-01-21,1686.0,10.6,1.0
Ontario,35.0,2023,3,2023-01-21,18101.0,14.3,1.0
Quebec,24.0,2023,3,2023-01-21,21837.0,10.7,1.0
Newfoundland and Labrador,10.0,2023,3,2023-01-21,665.0,15.0,1.0
New Brunswick,13.0,2023,3,2023-01-21,3524.0,10.2,1.0
Nova Scotia,12.0,2023,3,2023-01-21,3428.0,24.5,1.0
Prince Edward Island,11.0,2023,3,2023-01-21,818.0,19.1,1.0
Yukon,60.0,2023,3,2023-01-21,114.0,6.1,1.0
Northwest Territories,61.0,2023,3,2023-01-21,35.0,8.6,1.0
Nunavut,62.0,2023,3,2023-01-21,136.0,10.3,1.0
Canada,1.0,2023,3,2023-01-21,66311.0,12.2,
British Columbia,59.0,2023,4,2023-01-28,4313.0,9.1,1.0
Alberta,48.0,2023,4,2023-01-28,5022.0,12.8,1.0
Saskatchewan,47.0,2023,4,2023-01-28,5471.0,4.4,1.0
Manitoba,46.0,2023,4,2023-01-28,1542.0,10.6,1.0
Ontario,35.0,2023,4,2023-01-28,17201.0,13.3,1.0
Quebec,24.0,2023,4,2023-01-28,19478.0,9.5,1.0
Newfoundland and Labrador,10.0,2023,4,2023-01-28,703.0,10.4,1.0
New Brunswick,13.0,2023,4,2023-01-28,2199.0,12.7,1.0
Nova Scotia,12.0,2023,4,2023-01-28,3109.0,24.6,1.0
Prince Edward Island,11.0,2023,4,2023-01-28,645.0,11.0,1.0
Yukon,60.0,2023,4,2023-01-28,130.0,4.6,1.0
Northwest Territories,61.0,2023,4,2023-01-28,19.0,5.3,1.0
Nunavut,62.0,2023,4,2023-01-28,103.0,8.7,1.0
Canada,1.0,2023,4,2023-01-28,59935.0,11.3,
British Columbia,59.0,2023,5,2023-02-04,4144.0,8.9,1.0
Alberta,48.0,2023,5,2023-02-04,5462.0,10.7,1.0
Saskatchewan,47.0,2023,5,2023-02-04,4503.0,6.1,1.0
Manitoba,46.0,2023,5,2023-02-04,1435.0,9.9,1.0
Ontario,35.0,2023,5,2023-02-04,16669.0,12.6,1.0
Quebec,24.0,2023,5,2023-02-04,18604.0,10.5,1.0
Newfoundland and Labrador,10.0,2023,5,2023-02-04,573.0,12.9,1.0
New Brunswick,13.0,2023,5,2023-02-04,2155.0,16.6,1.0
Nova Scotia,12.0,2023,5,2023-02-04,2538.0,25.1,1.0
Prince Edward Island,11.0,2023,5,2023-02-04,692.0,8.8,1.0
Yukon,60.0,2023,5,2023-02-04,106.0,2.8,1.0
Northwest Territories,61.0,2023,5,2023-02-04,34.0,0.0,1.0
Nunavut,62.0,2023,5,2023-02-04,118.0,10.2,1.0
Canada,1.0,2023,5,2023-02-04,57033.0,11.5,
British Columbia,59.0,2023,6,2023-02-11,4144.0,10.7,1.0
Alberta,48.0,2023,6,2023-02-11,5291.0,9.1,1.0
Saskatchewan,47.0,2023,6,2023-02-11,3217.0,6.4,1.0
Manitoba,46.0,2023,6,2023-02-11,1532.0,10.2,1.0
Ontario,35.0,2023,6,2023-02-11,16025.0,12.4,1.0
Quebec,24.0,2023,6,2023-02-11,19711.0,11.6,1.0
Newfoundland and Labrador,10.0,2023,6,2023-02-11,510.0,11.4,1.0
New Brunswick,13.0,2023,6,2023-02-11,2273.0,17.6,1.0
Nova Scotia,12.0,2023,6,2023-02-11,2642.0,21.4,1.0
Prince Edward Island,11.0,2023,6,2023-02-11,679.0,13.0,1.0
Yukon,60.0,2023,6,2023-02-11,101.0,7.9,1.0
Northwest Territories,61.0,2023,6,2023-02-11,47.0,19.1,1.0
Nunavut,62.0,2023,6,2023-02-11,111.0,7.2,1.0
Canada,1.0,2023,6,2023-02-11,56283.0,11.9,
British Columbia,59.0,2023,7,2023-02-18,4179.0,10.9,1.0
Alberta,48.0,2023,7,2023-02-18,5172.0,9.0,1.0
Saskatchewan,47.0,2023,7,2023-02-18,3123.0,6.5,1.0
Manitoba,46.0,2023,7,2023-02-18,1399.0,9.8,1.0
Ontario,35.0,2023,7,2023-02-18,15744.0,12.8,1.0
Quebec,24.0,2023,7,2023-02-18,19608.0,11.2,1.0
Newfoundland and Labrador,10.0,2023,7,2023-02-18,518.0,15.3,1.0
New Brunswick,13.0,2023,7,2023-02-18,2151.0,17.4,1.0
Nova Scotia,12.0,2023,7,2023-02-18,2312.0,19.4,1.0
Prince Edward Island,11.0,2023,7,2023-02-18,632.0,14.1,1.0
Yukon,60.0,2023,7,2023-02-18,123.0,22.8,1.0
Northwest Territories,61.0,2023,7,2023-02-18,24.0,8.3,1.0
Nunavut,62.0,2023,7,2023-02-18,60.0,0.0,1.0
Canada,1.0,2023,7,2023-02-18,55045.0,11.8,
British Columbia,59.0,2023,8,2023-02-25,4259.0,11.9,1.0
Alberta,48.0,2023,8,2023-02-25,4779.0,8.5,1.0
Saskatchewan,47.0,2023,8,2023-02-25,2935.0,6.6,1.0
Manitoba,46.0,2023,8,2023-02-25,1457.0,11.9,1.0
Ontario,35.0,2023,8,2023-02-25,14836.0,12.1,1.0
Quebec,24.0,2023,8,2023-02-25,19287.0,11.2,1.0
Newfoundland and Labrador,10.0,2023,8,2023-02-25,575.0,21.7,1.0
New Brunswick,13.0,2023,8,2023-02-25,1659.0,22.4,1.0
Nova Scotia,12.0,2023,8,2023-02-25,2078.0,17.2,1.0
Prince Edward Island,11.0,2023,8,2023-02-25,566.0,9.5,1.0
Yukon,60.0,2023,8,2023-02-25,104.0,14.4,1.0
Northwest Territories,61.0,2023,8,2023-02-25,30.0,23.3,1.0
Nunavut,62.0,2023,8,2023-02-25,73.0,8.2,1.0
Canada,1.0,2023,8,2023-02-25,52638.0,11.7,
British Columbia,59.0,2023,9,2023-03-04,4055.0,10.1,1.0
Alberta,48.0,2023,9,2023-03-04,4683.0,8.5,1.0
Saskatchewan,47.0,2023,9,2023-03-04,3059.0,7.1,1.0
Manitoba,46.0,2023,9,2023-03-04,1490.0,13.2,1.0
Ontario,35.0,2023,9,2023-03-04,15219.0,11.4,1.0
Quebec,24.0,2023,9,2023-03-04,19451.0,10.8,1.0
Newfoundland and Labrador,10.0,2023,9,2023-03-04,506.0,17.0,1.0
New Brunswick,13.0,2023,9,2023-03-04,1841.0,20.5,1.0
Nova Scotia,12.0,2023,9,2023-03-04,2615.0,15.1,1.0
Prince Edward Island,11.0,2023,9,2023-03-04,588.0,12.8,1.0
Yukon,60.0,2023,9,2023-03-04,106.0,10.4,1.0
Northwest Territories,61.0,2023,9,2023-03-04,43.0,14.0,1.0
Nunavut,62.0,2023,9,2023-03-04,100.0,7.0,1.0
Canada,1.0,2023,9,2023-03-04,53756.0,11.2,
British Columbia,59.0,2023,10,2023-03-11,4122.0,11.3,1.0
Alberta,48.0,2023,10,2023-03-11,4436.0,9.4,1.0
Saskatchewan,47.0,2023,10,2023-03-11,2922.0,8.1,1.0
Manitoba,46.0,2023,10,2023-03-11,1637.0,13.3,1.0
Ontario,35.0,2023,10,2023-03-11,14995.0,11.3,1.0
Quebec,24.0,2023,10,2023-03-11,18249.0,10.5,1.0
Newfoundland and Labrador,10.0,2023,10,2023-03-11,555.0,16.2,1.0
New Brunswick,13.0,2023,10,2023-03-11,1715.0,23.4,1.0
Nova Scotia,12.0,2023,10,2023-03-11,2091.0,15.6,1.0
Prince Edward Island,11.0,2023,10,2023-03-11,598.0,15.2,1.0
Yukon,60.0,2023,10,2023-03-11,98.0,12.2,1.0
Northwest Territories,61.0,2023,10,2023-03-11,30.0,13.3,1.0
Nunavut,62.0,2023,10,2023-03-11,94.0,8.5,1.0
Canada,1.0,2023,10,2023-03-11,51542.0,11.4,
British Columbia,59.0,2023,11,2023-03-18,3828.0,13.0,1.0
Alberta,48.0,2023,11,2023-03-18,4948.0,9.1,1.0
Saskatchewan,47.0,2023,11,2023-03-18,2528.0,8.7,1.0
Manitoba,46.0,2023,11,2023-03-18,1715.0,15.3,1.0
Ontario,35.0,2023,11,2023-03-18,15074.0,11.9,1.0
Quebec,24.0,2023,11,2023-03-18,17880.0,10.2,1.0
Newfoundland and Labrador,10.0,2023,11,2023-03-18,491.0,13.8,1.0
New Brunswick,13.0,2023,11,2023-03-18,1523.0,20.9,1.0
Nova Scotia,12.0,2023,11,2023-03-18,2145.0,15.7,1.0
Prince Edward Island,11.0,2023,11,2023-03-18,595.0,17.3,1.0
Yukon,60.0,2023,11,2023-03-18,83.0,8.4,1.0
Northwest Territories,61.0,2023,11,2023-03-18,27.0,0.0,1.0
Nunavut,62.0,2023,11,2023-03-18,104.0,12.5,1.0
Canada,1.0,2023,11,2023-03-18,50941.0,11.6,
British Columbia,59.0,2023,12,2023-03-25,3939.0,14.8,1.0
Alberta,48.0,2023,12,2023-03-25,5021.0,9.0,1.0
Saskatchewan,47.0,2023,12,2023-03-25,2562.0,9.4,1.0
Manitoba,46.0,2023,12,2023-03-25,1504.0,14.6,1.0
Ontario,35.0,2023,12,2023-03-25,14209.0,10.9,1.0
Quebec,24.0,2023,12,2023-03-25,16822.0,10.1,1.0
Newfoundland and Labrador,10.0,2023,12,2023-03-25,459.0,10.9,1.0
New Brunswick,13.0,2023,12,2023-03-25,1337.0,16.6,1.0
Nova Scotia,12.0,2023,12,2023-03-25,2168.0,16.0,1.0
Prince Edward Island,11.0,2023,12,2023-03-25,643.0,20.1,1.0
Yukon,60.0,2023,12,2023-03-25,62.0,8.1,1.0
Northwest Territories,61.0,2023,12,2023-03-25,24.0,8.3,1.0
Nunavut,62.0,2023,12,2023-03-25,95.0,7.4,1.0
Canada,1.0,2023,12,2023-03-25,48845.0,11.3,
British Columbia,59.0,2023,13,2023-04-01,3676.0,15.9,1.0
Alberta,48.0,2023,13,2023-04-01,4448.0,9.5,1.0
Saskatchewan,47.0,2023,13,2023-04-01,2323.0,10.5,1.0
Manitoba,46.0,2023,13,2023-04-01,1445.0,12.0,1.0
Ontario,35.0,2023,13,2023-04-01,13065.0,9.9,1.0
Quebec,24.0,2023,13,2023-04-01,17221.0,9.4,1.0
Newfoundland and Labrador,10.0,2023,13,2023-04-01,571.0,15.1,1.0
New Brunswick,13.0,2023,13,2023-04-01,1138.0,14.1,1.0
Nova Scotia,12.0,2023,13,2023-04-01,1953.0,16.6,1.0
Prince Edward Island,11.0,2023,13,2023-04-01,679.0,21.1,1.0
Yukon,60.0,2023,13,2023-04-01,53.0,5.7,1.0
Northwest Territories,61.0,2023,13,2023-04-01,17.0,0.0,1.0
Nunavut,62.0,2023,13,2023-04-01,107.0,8.4,1.0
Canada,1.0,2023,13,2023-04-01,46696.0,10.8,
British Columbia,59.0,2023,14,2023-04-08,3408.0,15.8,1.0
Alberta,48.0,2023,14,2023-04-08,4065.0,9.4,1.0
Saskatchewan,47.0,2023,14,2023-04-08,2072.0,8.2,1.0
Manitoba,46.0,2023,14,2023-04-08,1497.0,14.4,1.0
Ontario,35.0,2023,14,2023-04-08,10310.0,9.3,1.0
Quebec,24.0,2023,14,2023-04-08,15857.0,10.4,1.0
Newfoundland and Labrador,10.0,2023,14,2023-04-08,475.0,16.2,1.0
New Brunswick,13.0,2023,14,2023-04-08,887.0,11.5,1.0
Nova Scotia,12.0,2023,14,2023-04-08,1634.0,16.2,1.0
Prince Edward Island,11.0,2023,14,2023-04-08,599.0,18.0,1.0
Yukon,60.0,2023,14,2023-04-08,54.0,13.0,1.0
Northwest Territories,61.0,2023,14,2023-04-08,26.0,11.5,1.0
Nunavut,62.0,2023,14,2023-04-08,115.0,0.9,1.0
Canada,1.0,2023,14,2023-04-08,40999.0,10.9,
British Columbia,59.0,2023,15,2023-04-15,3736.0,18.3,1.0
Alberta,48.0,2023,15,2023-04-15,3776.0,8.9,1.0
Saskatchewan,47.0,2023,15,2023-04-15,1994.0,10.4,1.0
Manitoba,46.0,2023,15,2023-04-15,1499.0,14.9,1.0
Ontario,35.0,2023,15,2023-04-15,10477.0,9.5,1.0
Quebec,24.0,2023,15,2023-04-15,16755.0,10.5,1.0
Newfoundland and Labrador,10.0,2023,15,2023-04-15,582.0,13.1,1.0
New Brunswick,13.0,2023,15,2023-04-15,882.0,11.9,1.0
Nova Scotia,12.0,2023,15,2023-04-15,1759.0,18.9,1.0
Prince Edward Island,11.0,2023,15,2023-04-15,548.0,12.6,1.0
Yukon,60.0,2023,15,2023-04-15,48.0,6.2,1.0
Northwest Territories,61.0,2023,15,2023-04-15,13.0,7.7,1.0
Nunavut,62.0,2023,15,2023-04-15,111.0,0.0,1.0
Canada,1.0,2023,15,2023-04-15,42180.0,11.4,
British Columbia,59.0,2023,16,2023-04-22,3660.0,18.6,1.0
Alberta,48.0,2023,16,2023-04-22,3858.0,10.7,1.0
Saskatchewan,47.0,2023,16,2023-04-22,1826.0,10.5,1.0
Manitoba,46.0,2023,16,2023-04-22,1373.0,13.7,1.0
Ontario,35.0,2023,16,2023-04-22,9788.0,9.3,1.0
Quebec,24.0,2023,16,2023-04-22,16401.0,9.7,1.0
Newfoundland and Labrador,10.0,2023,16,2023-04-22,539.0,11.1,1.0
New Brunswick,13.0,2023,16,2023-04-22,807.0,12.5,1.0
Nova Scotia,12.0,2023,16,2023-04-22,1616.0,15.5,1.0
Prince Edward Island,11.0,2023,16,2023-04-22,450.0,8.9,1.0
Yukon,60.0,2023,16,2023-04-22,28.0,14.3,1.0
Northwest Territories,61.0,2023,16,2023-04-22,20.0,10.0,1.0
Nunavut,62.0,2023,16,2023-04-22,163.0,1.8,1.0
Canada,1.0,2023,16,2023-04-22,40529.0,10.9,
British Columbia,59.0,2023,17,2023-04-29,3690.0,18.0,1.0
Alberta,48.0,2023,17,2023-04-29,3938.0,9.5,1.0
Saskatchewan,47.0,2023,17,2023-04-29,1839.0,8.8,1.0
Manitoba,46.0,2023,17,2023-04-29,1325.0,10.4,1.0
Ontario,35.0,2023,17,2023-04-29,9083.0,7.8,1.0
Quebec,24.0,2023,17,2023-04-29,15412.0,9.3,1.0
Newfoundland and Labrador,10.0,2023,17,2023-04-29,482.0,9.5,1.0
New Brunswick,13.0,2023,17,2023-04-29,704.0,11.9,1.0
Nova Scotia,12.0,2023,17,2023-04-29,1342.0,15.6,1.0
Prince Edward Island,11.0,2023,17,2023-04-29,172.0,14.5,1.0
Yukon,60.0,2023,17,2023-04-29,42.0,7.1,1.0
Northwest Territories,61.0,2023,17,2023-04-29,18.0,0.0,1.0
Nunavut,62.0,2023,17,2023-04-29,112.0,1.8,1.0
Canada,1.0,2023,17,2023-04-29,38159.0,10.1,
British Columbia,59.0,2023,18,2023-05-06,3123.0,15.6,1.0
Alberta,48.0,2023,18,2023-05-06,3751.0,9.5,1.0
Saskatchewan,47.0,2023,18,2023-05-06,1664.0,8.5,1.0
Manitoba,46.0,2023,18,2023-05-06,1350.0,13.0,1.0
Ontario,35.0,2023,18,2023-05-06,8229.0,8.5,1.0
Quebec,24.0,2023,18,2023-05-06,14528.0,8.5,1.0
Newfoundland and Labrador,10.0,2023,18,2023-05-06,459.0,13.1,1.0
New Brunswick,13.0,2023,18,2023-05-06,712.0,11.9,1.0
Nova Scotia,12.0,2023,18,2023-05-06,1425.0,16.8,1.0
Prince Edward Island,11.0,2023,18,2023-05-06,147.0,12.9,1.0
Yukon,60.0,2023,18,2023-05-06,48.0,6.2,1.0
Northwest Territories,61.0,2023,18,2023-05-06,19.0,10.5,1.0
Nunavut,62.0,2023,18,2023-05-06,134.0,1.5,1.0
Canada,1.0,2023,18,2023-05-06,35589.0,9.8,
British Columbia,59.0,2023,19,2023-05-13,2794.0,13.9,1.0
Alberta,48.0,2023,19,2023-05-13,2874.0,9.3,1.0
Saskatchewan,47.0,2023,19,2023-05-13,1633.0,7.8,1.0
Manitoba,46.0,2023,19,2023-05-13,1226.0,10.7,1.0
Ontario,35.0,2023,19,2023-05-13,7456.0,8.6,1.0
Quebec,24.0,2023,19,2023-05-13,12900.0,8.3,1.0
Newfoundland and Labrador,10.0,2023,19,2023-05-13,421.0,12.8,1.0
New Brunswick,13.0,2023,19,2023-05-13,666.0,12.6,1.0
Nova Scotia,12.0,2023,19,2023-05-13,1370.0,18.5,1.0
Prince Edward Island,11.0,2023,19,2023-05-13,100.0,9.0,1.0
Yukon,60.0,2023,19,2023-05-13,36.0,2.8,1.0
Northwest Territories,61.0,2023,19,2023-05-13,18.0,0.0,1.0
Nunavut,62.0,2023,19,2023-05-13,136.0,2.2,1.0
Canada,1.0,2023,19,2023-05-13,31630.0,9.6,
British Columbia,59.0,2023,20,2023-05-20,2498.0,13.5,1.0
Alberta,48.0,2023,20,2023-05-20,3222.0,7.8,1.0
Saskatchewan,47.0,2023,20,2023-05-20,1507.0,6.2,1.0
Manitoba,46.0,2023,20,2023-05-20,1104.0,9.2,1.0
Ontario,35.0,2023,20,2023-05-20,6935.0,8.5,1.0
Quebec,24.0,2023,20,2023-05-20,11881.0,8.5,1.0
Newfoundland and Labrador,10.0,2023,20,2023-05-20,392.0,9.2,1.0
New Brunswick,13.0,2023,20,2023-05-20,615.0,13.8,1.0
Nova Scotia,12.0,2023,20,2023-05-20,1352.0,19.2,1.0
Prince Edward Island,11.0,2023,20,2023-05-20,104.0,3.8,1.0
Yukon,60.0,2023,20,2023-05-20,60.0,6.7,1.0
Northwest Territories,61.0,2023,20,2023-05-20,14.0,7.1,1.0
Nunavut,62.0,2023,20,2023-05-20,82.0,4.9,1.0
Canada,1.0,2023,20,2023-05-20,29766.0,9.3,
British Columbia,59.0,2023,21,2023-05-27,2481.0,11.1,1.0
Alberta,48.0,2023,21,2023-05-27,3096.0,7.9,1.0
Saskatchewan,47.0,2023,21,2023-05-27,1398.0,5.3,1.0
Manitoba,46.0,2023,21,2023-05-27,1083.0,9.3,1.0
Ontario,35.0,2023,21,2023-05-27,6566.0,9.2,1.0
Quebec,24.0,2023,21,2023-05-27,10167.0,8.7,1.0
Newfoundland and Labrador,10.0,2023,21,2023-05-27,399.0,9.8,1.0
New Brunswick,13.0,2023,21,2023-05-27,657.0,12.2,1.0
Nova Scotia,12.0,2023,21,2023-05-27,1175.0,17.0,1.0
Prince Edward Island,11.0,2023,21,2023-05-27,80.0,8.8,1.0
Yukon,60.0,2023,21,2023-05-27,57.0,12.3,1.0
Northwest Territories,61.0,2023,21,2023-05-27,15.0,20.0,1.0
Nunavut,62.0,2023,21,2023-05-27,121.0,1.7,1.0
Canada,1.0,2023,21,2023-05-27,27295.0,9.2,
British Columbia,59.0,2023,22,2023-06-03,2286.0,10.1,1.0
Alberta,48.0,2023,22,2023-06-03,3109.0,6.9,1.0
Saskatchewan,47.0,2023,22,2023-06-03,1224.0,2.9,1.0
Manitoba,46.0,2023,22,2023-06-03,1035.0,7.3,1.0
Ontario,35.0,2023,22,2023-06-03,6854.0,8.6,1.0
Quebec,24.0,2023,22,2023-06-03,9841.0,8.6,1.0
Newfoundland and Labrador,10.0,2023,22,2023-06-03,383.0,9.4,1.0
New Brunswick,13.0,2023,22,2023-06-03,649.0,10.0,1.0
Nova Scotia,12.0,2023,22,2023-06-03,1042.0,14.4,1.0
Prince Edward Island,11.0,2023,22,2023-06-03,69.0,13.0,1.0
Yukon,60.0,2023,22,2023-06-03,31.0,0.0,1.0
Northwest Territories,61.0,2023,22,2023-06-03,29.0,0.0,1.0
Nunavut,62.0,2023,22,2023-06-03,130.0,0.0,1.0
Canada,1.0,2023,22,2023-06-03,26682.0,8.5,
British Columbia,59.0,2023,23,2023-06-10,2171.0,8.9,1.0
Alberta,48.0,2023,23,2023-06-10,2950.0,4.6,1.0
Saskatchewan,47.0,2023,23,2023-06-10,1213.0,3.1,1.0
Manitoba,46.0,2023,23,2023-06-10,915.0,7.9,1.0
Ontario,35.0,2023,23,2023-06-10,5647.0,6.3,1.0
Quebec,24.0,2023,23,2023-06-10,9116.0,7.4,1.0
Newfoundland and Labrador,10.0,2023,23,2023-06-10,370.0,16.2,1.0
New Brunswick,13.0,2023,23,2023-06-10,629.0,10.3,1.0
Nova Scotia,12.0,2023,23,2023-06-10,1176.0,17.7,1.0
Prince Edward Island,11.0,2023,23,2023-06-10,99.0,12.1,1.0
Yukon,60.0,2023,23,2023-06-10,31.0,3.2,1.0
Northwest Territories,61.0,2023,23,2023-06-10,26.0,3.8,1.0
Nunavut,62.0,2023,23,2023-06-10,87.0,0.0,1.0
Canada,1.0,2023,23,2023-06-10,24430.0,7.4,
British Columbia,59.0,2023,24,2023-06-17,2102.0,9.5,1.0
Alberta,48.0,2023,24,2023-06-17,2446.0,3.9,1.0
Saskatchewan,47.0,2023,24,2023-06-17,1233.0,2.9,1.0
Manitoba,46.0,2023,24,2023-06-17,900.0,7.1,1.0
Ontario,35.0,2023,24,2023-06-17,5230.0,7.1,1.0
Quebec,24.0,2023,24,2023-06-17,8568.0,5.7,1.0
Newfoundland and Labrador,10.0,2023,24,2023-06-17,351.0,12.8,1.0
New Brunswick,13.0,2023,24,2023-06-17,573.0,10.5,1.0
Nova Scotia,12.0,2023,24,2023-06-17,1123.0,13.4,1.0
Prince Edward Island,11.0,2023,24,2023-06-17,49.0,10.2,1.0
Yukon,60.0,2023,24,2023-06-17,38.0,10.5,1.0
Northwest Territories,61.0,2023,24,2023-06-17,11.0,0.0,1.0
Nunavut,62.0,2023,24,2023-06-17,85.0,1.2,1.0
Canada,1.0,2023,24,2023-06-17,22709.0,6.7,
British Columbia,59.0,2023,25,2023-06-24,2061.0,8.0,1.0
Alberta,48.0,2023,25,2023-06-24,2293.0,4.2,1.0
Saskatchewan,47.0,2023,25,2023-06-24,1112.0,3.0,1.0
Manitoba,46.0,2023,25,2023-06-24,889.0,4.6,1.0
Ontario,35.0,2023,25,2023-06-24,4997.0,6.4,1.0
Quebec,24.0,2023,25,2023-06-24,7213.0,5.4,1.0
Newfoundland and Labrador,10.0,2023,25,2023-06-24,376.0,18.9,1.0
New Brunswick,13.0,2023,25,2023-06-24,580.0,6.6,1.0
Nova Scotia,12.0,2023,25,2023-06-24,1101.0,10.4,1.0
Prince Edward Island,11.0,2023,25,2023-06-24,69.0,21.7,1.0
Yukon,60.0,2023,25,2023-06-24,28.0,3.6,1.0
Northwest Territories,61.0,2023,25,2023-06-24,18.0,0.0,1.0
Nunavut,62.0,2023,25,2023-06-24,51.0,3.9,1.0
Canada,1.0,2023,25,2023-06-24,20788.0,6.2,
British Columbia,59.0,2023,26,2023-07-01,2070.0,8.7,1.0
Alberta,48.0,2023,26,2023-07-01,2334.0,4.5,1.0
Saskatchewan,47.0,2023,26,2023-07-01,1064.0,3.2,1.0
Manitoba,46.0,2023,26,2023-07-01,811.0,3.5,1.0
Ontario,35.0,2023,26,2023-07-01,4671.0,5.4,1.0
Quebec,24.0,2023,26,2023-07-01,7184.0,5.8,1.0
Newfoundland and Labrador,10.0,2023,26,2023-07-01,304.0,14.8,1.0
New Brunswick,13.0,2023,26,2023-07-01,522.0,4.4,1.0
Nova Scotia,12.0,2023,26,2023-07-01,929.0,6.9,1.0
Prince Edward Island,11.0,2023,26,2023-07-01,73.0,15.1,1.0
Yukon,60.0,2023,26,2023-07-01,37.0,0.0,1.0
Northwest Territories,61.0,2023,26,2023-07-01,12.0,0.0,1.0
Nunavut,62.0,2023,26,2023-07-01,55.0,0.0,1.0
Canada,1.0,2023,26,2023-07-01,20066.0,5.8,
British Columbia,59.0,2023,27,2023-07-08,1939.0,10.0,1.0
Alberta,48.0,2023,27,2023-07-08,2191.0,3.0,1.0
Saskatchewan,47.0,2023,27,2023-07-08,1072.0,2.1,1.0
Manitoba,46.0,2023,27,2023-07-08,855.0,4.1,1.0
Ontario,35.0,2023,27,2023-07-08,4457.0,5.5,1.0
Quebec,24.0,2023,27,2023-07-08,6791.0,5.6,1.0
Newfoundland and Labrador,10.0,2023,27,2023-07-08,311.0,12.5,1.0
New Brunswick,13.0,2023,27,2023-07-08,512.0,4.7,1.0
Nova Scotia,12.0,2023,27,2023-07-08,778.0,10.7,1.0
Prince Edward Island,11.0,2023,27,2023-07-08,84.0,9.5,1.0
Yukon,60.0,2023,27,2023-07-08,22.0,9.1,1.0
Northwest Territories,61.0,2023,27,2023-07-08,9.0,0.0,1.0
Nunavut,62.0,2023,27,2023-07-08,52.0,0.0,1.0
Canada,1.0,2023,27,2023-07-08,19073.0,5.7,
British Columbia,59.0,2023,28,2023-07-15,1845.0,8.2,1.0
Alberta,48.0,2023,28,2023-07-15,2102.0,3.3,1.0
Saskatchewan,47.0,2023,28,2023-07-15,967.0,4.9,1.0
Manitoba,46.0,2023,28,2023-07-15,856.0,2.7,1.0
Ontario,35.0,2023,28,2023-07-15,4625.0,7.3,1.0
Quebec,24.0,2023,28,2023-07-15,6640.0,5.4,1.0
Newfoundland and Labrador,10.0,2023,28,2023-07-15,340.0,13.5,1.0
New Brunswick,13.0,2023,28,2023-07-15,470.0,4.0,1.0
Nova Scotia,12.0,2023,28,2023-07-15,816.0,12.4,1.0
Prince Edward Island,11.0,2023,28,2023-07-15,62.0,8.1,1.0
Yukon,60.0,2023,28,2023-07-15,24.0,0.0,1.0
Northwest Territories,61.0,2023,28,2023-07-15,5.0,0.0,1.0
Nunavut,62.0,2023,28,2023-07-15,61.0,0.0,1.0
Canada,1.0,2023,28,2023-07-15,18813.0,6.1,
British Columbia,59.0,2023,29,2023-07-22,1750.0,8.2,1.0
Alberta,48.0,2023,29,2023-07-22,2179.0,5.2,1.0
Saskatchewan,47.0,2023,29,2023-07-22,943.0,5.3,1.0
Manitoba,46.0,2023,29,2023-07-22,753.0,4.5,1.0
Ontario,35.0,2023,29,2023-07-22,4887.0,7.5,1.0
Quebec,24.0,2023,29,2023-07-22,6202.0,6.9,1.0
Newfoundland and Labrador,10.0,2023,29,2023-07-22,292.0,10.6,1.0
New Brunswick,13.0,2023,29,2023-07-22,462.0,9.1,1.0
Nova Scotia,12.0,2023,29,2023-07-22,755.0,8.5,1.0
Prince Edward Island,11.0,2023,29,2023-07-22,51.0,3.9,1.0
Yukon,60.0,2023,29,2023-07-22,26.0,3.8,1.0
Northwest Territories,61.0,2023,29,2023-07-22,17.0,0.0,1.0
Nunavut,62.0,2023,29,2023-07-22,66.0,3.0,1.0
Canada,1.0,2023,29,2023-07-22,18383.0,6.9,
British Columbia,59.0,2023,30,2023-07-29,1823.0,8.2,1.0
Alberta,48.0,2023,30,2023-07-29,2220.0,7.6,1.0
Saskatchewan,47.0,2023,30,2023-07-29,1039.0,7.2,1.0
Manitoba,46.0,2023,30,2023-07-29,846.0,6.0,1.0
Ontario,35.0,2023,30,2023-07-29,4663.0,8.2,1.0
Quebec,24.0,2023,30,2023-07-29,6176.0,7.6,1.0
Newfoundland and Labrador,10.0,2023,30,2023-07-29,299.0,8.4,1.0
New Brunswick,13.0,2023,30,2023-07-29,546.0,10.1,1.0
Nova Scotia,12.0,2023,30,2023-07-29,773.0,5.8,1.0
Prince Edward Island,11.0,2023,30,2023-07-29,57.0,10.5,1.0
Yukon,60.0,2023,30,2023-07-29,41.0,4.9,1.0
Northwest Territories,61.0,2023,30,2023-07-29,10.0,0.0,1.0
Nunavut,62.0,2023,30,2023-07-29,45.0,0.0,1.0
Canada,1.0,2023,30,2023-07-29,18538.0,7.7,
British Columbia,59.0,2023,31,2023-08-05,1700.0,9.1,1.0
Alberta,48.0,2023,31,2023-08-05,2127.0,7.5,1.0
Saskatchewan,47.0,2023,31,2023-08-05,855.0,5.4,1.0
Manitoba,46.0,2023,31,2023-08-05,844.0,8.3,1.0
Ontario,35.0,2023,31,2023-08-05,4533.0,7.7,1.0
Quebec,24.0,2023,31,2023-08-05,6351.0,9.5,1.0
Newfoundland and Labrador,10.0,2023,31,2023-08-05,276.0,8.3,1.0
New Brunswick,13.0,2023,31,2023-08-05,515.0,8.2,1.0
Nova Scotia,12.0,2023,31,2023-08-05,833.0,8.9,1.0
Prince Edward Island,11.0,2023,31,2023-08-05,60.0,6.7,1.0
Yukon,60.0,2023,31,2023-08-05,21.0,4.8,1.0
Northwest Territories,61.0,2023,31,2023-08-05,9.0,0.0,1.0
Nunavut,62.0,2023,31,2023-08-05,41.0,0.0,1.0
Canada,1.0,2023,31,2023-08-05,18165.0,8.4,
British Columbia,59.0,2023,32,2023-08-12,1756.0,8.2,1.0
Alberta,48.0,2023,32,2023-08-12,2366.0,8.5,1.0
Saskatchewan,47.0,2023,32,2023-08-12,855.0,5.3,1.0
Manitoba,46.0,2023,32,2023-08-12,765.0,9.2,1.0
Ontario,35.0,2023,32,2023-08-12,4756.0,7.7,1.0
Quebec,24.0,2023,32,2023-08-12,7151.0,11.4,1.0
Newfoundland and Labrador,10.0,2023,32,2023-08-12,317.0,11.0,1.0
New Brunswick,13.0,2023,32,2023-08-12,539.0,6.9,1.0
Nova Scotia,12.0,2023,32,2023-08-12,641.0,12.3,1.0
Prince Edward Island,11.0,2023,32,2023-08-12,74.0,12.2,1.0
Yukon,60.0,2023,32,2023-08-12,42.0,16.7,1.0
Northwest Territories,61.0,2023,32,2023-08-12,17.0,11.8,1.0
Nunavut,62.0,2023,32,2023-08-12,35.0,0.0,1.0
Canada,1.0,2023,32,2023-08-12,19314.0,9.4,
British Columbia,59.0,2023,33,2023-08-19,1933.0,12.2,1.0
Alberta,48.0,2023,33,2023-08-19,2676.0,7.9,1.0
Saskatchewan,47.0,2023,33,2023-08-19,931.0,5.8,1.0
Manitoba,46.0,2023,33,2023-08-19,886.0,10.6,1.0
Ontario,35.0,2023,33,2023-08-19,5757.0,11.1,1.0
Quebec,24.0,2023,33,2023-08-19,7858.0,13.9,1.0
Newfoundland and Labrador,10.0,2023,33,2023-08-19,306.0,13.7,1.0
New Brunswick,13.0,2023,33,2023-08-19,534.0,6.7,1.0
Nova Scotia,12.0,2023,33,2023-08-19,767.0,14.9,1.0
Prince Edward Island,11.0,2023,33,2023-08-19,109.0,9.2,1.0
Yukon,60.0,2023,33,2023-08-19,47.0,10.6,1.0
Northwest Territories,61.0,2023,33,2023-08-19,,,0.0
Nunavut,62.0,2023,33,2023-08-19,33.0,3.0,1.0
Canada,1.0,2023,33,2023-08-19,21837.0,11.6,
British Columbia,59.0,2023,34,2023-08-26,2163.0,17.5,1.0
Alberta,48.0,2023,34,2023-08-26,2805.0,9.1,1.0
Saskatchewan,47.0,2023,34,2023-08-26,1024.0,7.4,1.0
Manitoba,46.0,2023,34,2023-08-26,987.0,14.0,1.0
Ontario,35.0,2023,34,2023-08-26,5896.0,12.5,1.0
Quebec,24.0,2023,34,2023-08-26,8580.0,15.0,1.0
Newfoundland and Labrador,10.0,2023,34,2023-08-26,377.0,12.5,1.0
New Brunswick,13.0,2023,34,2023-08-26,516.0,10.3,1.0
Nova Scotia,12.0,2023,34,2023-08-26,816.0,17.3,1.0
Prince Edward Island,11.0,2023,34,2023-08-26,116.0,11.2,1.0
Yukon,60.0,2023,34,2023-08-26,39.0,17.9,1.0
Northwest Territories,61.0,2023,34,2023-08-26,,,0.0
Nunavut,62.0,2023,34,2023-08-26,62.0,4.8,1.0
Canada,1.0,2023,34,2023-08-26,23381.0,13.4,
British Columbia,59.0,2023,35,2023-09-02,2651.0,18.0,1.0
Alberta,48.0,2023,35,2023-09-02,3066.0,10.8,1.0
Saskatchewan,47.0,2023,35,2023-09-02,982.0,6.7,1.0
Manitoba,46.0,2023,35,2023-09-02,1144.0,13.5,1.0
Ontario,35.0,2023,35,2023-09-02,6230.0,12.4,1.0
Quebec,24.0,2023,35,2023-09-02,9351.0,16.3,1.0
Newfoundland and Labrador,10.0,2023,35,2023-09-02,488.0,16.2,1.0
New Brunswick,13.0,2023,35,2023-09-02,642.0,14.3,1.0
Nova Scotia,12.0,2023,35,2023-09-02,871.0,19.9,1.0
Prince Edward Island,11.0,2023,35,2023-09-02,109.0,11.9,1.0
Yukon,60.0,2023,35,2023-09-02,67.0,17.9,1.0
Northwest Territories,61.0,2023,35,2023-09-02,0.0,0.0,1.0
Nunavut,62.0,2023,35,2023-09-02,55.0,3.6,1.0
Canada,1.0,2023,35,2023-09-02,25656.0,14.4,
British Columbia,59.0,2023,36,2023-09-09,2640.0,16.7,1.0
Alberta,48.0,2023,36,2023-09-09,3501.0,11.7,1.0
Saskatchewan,47.0,2023,36,2023-09-09,1183.0,8.4,1.0
Manitoba,46.0,2023,36,2023-09-09,1284.0,15.8,1.0
Ontario,35.0,2023,36,2023-09-09,6939.0,15.5,1.0
Quebec,24.0,2023,36,2023-09-09,10215.0,17.4,1.0
Newfoundland and Labrador,10.0,2023,36,2023-09-09,414.0,19.6,1.0
New Brunswick,13.0,2023,36,2023-09-09,641.0,13.4,1.0
Nova Scotia,12.0,2023,36,2023-09-09,1129.0,25.2,1.0
Prince Edward Island,11.0,2023,36,2023-09-09,162.0,14.2,1.0
Yukon,60.0,2023,36,2023-09-09,58.0,22.4,1.0
Northwest Territories,61.0,2023,36,2023-09-09,2.0,50.0,1.0
Nunavut,62.0,2023,36,2023-09-09,69.0,11.6,1.0
Canada,1.0,2023,36,2023-09-09,28237.0,15.9,
British Columbia,59.0,2023,37,2023-09-16,3111.0,20.6,1.0
Alberta,48.0,2023,37,2023-09-16,4336.0,12.4,1.0
Saskatchewan,47.0,2023,37,2023-09-16,1341.0,9.0,1.0
Manitoba,46.0,2023,37,2023-09-16,1270.0,14.4,1.0
Ontario,35.0,2023,37,2023-09-16,7337.0,15.7,1.0
Quebec,24.0,2023,37,2023-09-16,11678.0,18.1,1.0
Newfoundland and Labrador,10.0,2023,37,2023-09-16,479.0,14.0,1.0
New Brunswick,13.0,2023,37,2023-09-16,807.0,15.1,1.0
Nova Scotia,12.0,2023,37,2023-09-16,1131.0,24.8,1.0
Prince Edward Island,11.0,2023,37,2023-09-16,150.0,5.3,1.0
Yukon,60.0,2023,37,2023-09-16,56.0,8.9,1.0
Northwest Territories,61.0,2023,37,2023-09-16,9.0,22.2,1.0
Nunavut,62.0,2023,37,2023-09-16,84.0,9.5,1.0
Canada,1.0,2023,37,2023-09-16,31789.0,16.5,
British Columbia,59.0,2023,38,2023-09-23,3377.0,22.6,1.0
Alberta,48.0,2023,38,2023-09-23,4669.0,13.7,1.0
Saskatchewan,47.0,2023,38,2023-09-23,1676.0,9.9,1.0
Manitoba,46.0,2023,38,2023-09-23,1624.0,20.3,1.0
Ontario,35.0,2023,38,2023-09-23,8514.0,18.4,1.0
Quebec,24.0,2023,38,2023-09-23,13455.0,20.5,1.0
Newfoundland and Labrador,10.0,2023,38,2023-09-23,465.0,14.2,1.0
New Brunswick,13.0,2023,38,2023-09-23,840.0,12.7,1.0
Nova Scotia,12.0,2023,38,2023-09-23,1324.0,24.7,1.0
Prince Edward Island,11.0,2023,38,2023-09-23,146.0,6.8,1.0
Yukon,60.0,2023,38,2023-09-23,59.0,11.9,1.0
Northwest Territories,61.0,2023,38,2023-09-23,29.0,3.4,1.0
Nunavut,62.0,2023,38,2023-09-23,86.0,11.6,1.0
Canada,1.0,2023,38,2023-09-23,36264.0,18.6,
British Columbia,59.0,2023,39,2023-09-30,3895.0,23.6,1.0
Alberta,48.0,2023,39,2023-09-30,5089.0,15.2,1.0
Saskatchewan,47.0,2023,39,2023-09-30,1855.0,13.2,1.0
Manitoba,46.0,2023,39,2023-09-30,1714.0,19.5,1.0
Ontario,35.0,2023,39,2023-09-30,9291.0,17.9,1.0
Quebec,24.0,2023,39,2023-09-30,15431.0,21.3,1.0
Newfoundland and Labrador,10.0,2023,39,2023-09-30,501.0,17.4,1.0
New Brunswick,13.0,2023,39,2023-09-30,855.0,13.0,1.0
Nova Scotia,12.0,2023,39,2023-09-30,1603.0,30.5,1.0
Prince Edward Island,11.0,2023,39,2023-09-30,167.0,12.6,1.0
Yukon,60.0,2023,39,2023-09-30,71.0,7.0,1.0
Northwest Territories,61.0,2023,39,2023-09-30,23.0,17.4,1.0
Nunavut,62.0,2023,39,2023-09-30,92.0,16.3,1.0
Canada,1.0,2023,39,2023-09-30,40587.0,19.6,
British Columbia,59.0,2023,40,2023-10-07,4202.0,20.8,1.0
Alberta,48.0,2023,40,2023-10-07,5586.0,16.8,1.0
Saskatchewan,47.0,2023,40,2023-10-07,2079.0,12.7,1.0
Manitoba,46.0,2023,40,2023-10-07,1532.0,17.2,1.0
Ontario,35.0,2023,40,2023-10-07,9349.0,17.6,1.0
Quebec,24.0,2023,40,2023-10-07,15684.0,22.2,1.0
Newfoundland and Labrador,10.0,2023,40,2023-10-07,519.0,20.2,1.0
New Brunswick,13.0,2023,40,2023-10-07,949.0,17.1,1.0
Nova Scotia,12.0,2023,40,2023-10-07,1885.0,30.5,1.0
Prince Edward Island,11.0,2023,40,2023-10-07,191.0,12.0,1.0
Yukon,60.0,2023,40,2023-10-07,72.0,11.1,1.0
Northwest Territories,61.0,2023,40,2023-10-07,24.0,8.3,1.0
Nunavut,62.0,2023,40,2023-10-07,100.0,14.0,1.0
Canada,1.0,2023,40,2023-10-07,42172.0,19.8,
British Columbia,59.0,2023,41,2023-10-14,4047.0,19.1,1.0
Alberta,48.0,2023,41,2023-10-14,5817.0,17.7,1.0
Saskatchewan,47.0,2023,41,2023-10-14,2293.0,14.9,1.0
Manitoba,46.0,2023,41,2023-10-14,1513.0,15.9,1.0
Ontario,35.0,2023,41,2023-10-14,8426.0,15.3,1.0
Quebec,24.0,2023,41,2023-10-14,12605.0,18.3,1.0
Newfoundland and Labrador,10.0,2023,41,2023-10-14,599.0,21.7,1.0
New Brunswick,13.0,2023,41,2023-10-14,952.0,16.8,1.0
Nova Scotia,12.0,2023,41,2023-10-14,1729.0,23.6,1.0
Prince Edward Island,11.0,2023,41,2023-10-14,303.0,14.9,1.0
Yukon,60.0,2023,41,2023-10-14,46.0,13.0,1.0
Northwest Territories,61.0,2023,41,2023-10-14,36.0,22.2,1.0
Nunavut,62.0,2023,41,2023-10-14,95.0,12.6,1.0
Canada,1.0,2023,41,2023-10-14,38461.0,17.5,
British Columbia,59.0,2023,42,2023-10-21,3737.0,17.1,1.0
Alberta,48.0,2023,42,2023-10-21,5845.0,17.8,1.0
Saskatchewan,47.0,2023,42,2023-10-21,2531.0,16.0,1.0
Manitoba,46.0,2023,42,2023-10-21,1664.0,16.8,1.0
Ontario,35.0,2023,42,2023-10-21,9300.0,16.9,1.0
Quebec,24.0,2023,42,2023-10-21,12590.0,18.6,1.0
Newfoundland and Labrador,10.0,2023,42,2023-10-21,571.0,18.9,1.0
New Brunswick,13.0,2023,42,2023-10-21,961.0,16.4,1.0
Nova Scotia,12.0,2023,42,2023-10-21,1683.0,22.8,1.0
Prince Edward Island,11.0,2023,42,2023-10-21,278.0,14.0,1.0
Yukon,60.0,2023,42,2023-10-21,36.0,13.9,1.0
Northwest Territories,61.0,2023,42,2023-10-21,37.0,16.2,1.0
Nunavut,62.0,2023,42,2023-10-21,117.0,18.8,1.0
Canada,1.0,2023,42,2023-10-21,39350.0,17.8,
British Columbia,59.0,2023,43,2023-10-28,3262.0,14.9,1.0
Alberta,48.0,2023,43,2023-10-28,5591.0,16.3,1.0
Saskatchewan,47.0,2023,43,2023-10-28,2355.0,17.7,1.0
Manitoba,46.0,2023,43,2023-10-28,1504.0,18.6,1.0
Ontario,35.0,2023,43,2023-10-28,9276.0,19.4,1.0
Quebec,24.0,2023,43,2023-10-28,12003.0,18.3,1.0
Newfoundland and Labrador,10.0,2023,43,2023-10-28,509.0,18.7,1.0
New Brunswick,13.0,2023,43,2023-10-28,958.0,14.4,1.0
Nova Scotia,12.0,2023,43,2023-10-28,1464.0,20.4,1.0
Prince Edward Island,11.0,2023,43,2023-10-28,164.0,11.0,1.0
Yukon,60.0,2023,43,2023-10-28,43.0,7.0,1.0
Northwest Territories,61.0,2023,43,2023-10-28,17.0,17.6,1.0
Nunavut,62.0,2023,43,2023-10-28,140.0,20.7,1.0
Canada,1.0,2023,43,2023-10-28,37286.0,17.9,
British Columbia,59.0,2023,44,2023-11-04,3648.0,16.0,1.0
Alberta,48.0,2023,44,2023-11-04,5882.0,18.0,1.0
Saskatchewan,47.0,2023,44,2023-11-04,2824.0,16.3,1.0
Manitoba,46.0,2023,44,2023-11-04,1635.0,21.7,1.0
Ontario,35.0,2023,44,2023-11-04,9060.0,17.1,1.0
Quebec,24.0,2023,44,2023-11-04,11975.0,18.4,1.0
Newfoundland and Labrador,10.0,2023,44,2023-11-04,544.0,17.1,1.0
New Brunswick,13.0,2023,44,2023-11-04,918.0,13.3,1.0
Nova Scotia,12.0,2023,44,2023-11-04,1328.0,21.8,1.0
Prince Edward Island,11.0,2023,44,2023-11-04,175.0,14.9,1.0
Yukon,60.0,2023,44,2023-11-04,59.0,23.7,1.0
Northwest Territories,61.0,2023,44,2023-11-04,24.0,8.3,1.0
Nunavut,62.0,2023,44,2023-11-04,111.0,13.5,1.0
Canada,1.0,2023,44,2023-11-04,38183.0,17.7,
British Columbia,59.0,2023,45,2023-11-11,3545.0,14.4,1.0
Alberta,48.0,2023,45,2023-11-11,5807.0,15.9,1.0
Saskatchewan,47.0,2023,45,2023-11-11,3043.0,14.8,1.0
Manitoba,46.0,2023,45,2023-11-11,1598.0,24.9,1.0
Ontario,35.0,2023,45,2023-11-11,9607.0,18.2,1.0
Quebec,24.0,2023,45,2023-11-11,11815.0,19.9,1.0
Newfoundland and Labrador,10.0,2023,45,2023-11-11,519.0,21.8,1.0
New Brunswick,13.0,2023,45,2023-11-11,937.0,14.8,1.0
Nova Scotia,12.0,2023,45,2023-11-11,1435.0,23.8,1.0
Prince Edward Island,11.0,2023,45,2023-11-11,231.0,14.7,1.0
Yukon,60.0,2023,45,2023-11-11,52.0,11.5,1.0
Northwest Territories,61.0,2023,45,2023-11-11,25.0,8.0,1.0
Nunavut,62.0,2023,45,2023-11-11,108.0,11.1,1.0
Canada,1.0,2023,45,2023-11-11,38722.0,18.2,
British Columbia,59.0,2023,46,2023-11-18,3245.0,12.1,1.0
Alberta,48.0,2023,46,2023-11-18,6354.0,16.0,1.0
Saskatchewan,47.0,2023,46,2023-11-18,3009.0,13.7,1.0
Manitoba,46.0,2023,46,2023-11-18,1771.0,25.0,1.0
Ontario,35.0,2023,46,2023-11-18,10470.0,20.4,1.0
Quebec,24.0,2023,46,2023-11-18,13182.0,20.2,1.0
Newfoundland and Labrador,10.0,2023,46,2023-11-18,506.0,24.1,1.0
New Brunswick,13.0,2023,46,2023-11-18,1029.0,16.6,1.0
Nova Scotia,12.0,2023,46,2023-11-18,1466.0,26.7,1.0
Prince Edward Island,11.0,2023,46,2023-11-18,185.0,16.8,1.0
Yukon,60.0,2023,46,2023-11-18,67.0,6.0,1.0
Northwest Territories,61.0,2023,46,2023-11-18,22.0,4.5,1.0
Nunavut,62.0,2023,46,2023-11-18,126.0,4.8,1.0
Canada,1.0,2023,46,2023-11-18,41432.0,18.8,
British Columbia,59.0,2023,47,2023-11-25,3385.0,12.0,1.0
Alberta,48.0,2023,47,2023-11-25,6682.0,13.8,1.0
Saskatchewan,47.0,2023,47,2023-11-25,2983.0,15.0,1.0
Manitoba,46.0,2023,47,2023-11-25,1757.0,23.4,1.0
Ontario,35.0,2023,47,2023-11-25,10880.0,22.2,1.0
Quebec,24.0,2023,47,2023-11-25,12938.0,21.5,1.0
Newfoundland and Labrador,10.0,2023,47,2023-11-25,702.0,23.9,1.0
New Brunswick,13.0,2023,47,2023-11-25,1018.0,16.1,1.0
Nova Scotia,12.0,2023,47,2023-11-25,1514.0,26.0,1.0
Prince Edward Island,11.0,2023,47,2023-11-25,256.0,21.5,1.0
Yukon,60.0,2023,47,2023-11-25,64.0,4.7,1.0
Northwest Territories,61.0,2023,47,2023-11-25,22.0,4.5,1.0
Nunavut,62.0,2023,47,2023-11-25,103.0,7.8,1.0
Canada,1.0,2023,47,2023-11-25,42304.0,19.3,
British Columbia,59.0,2023,48,2023-12-02,3639.0,10.3,1.0
Alberta,48.0,2023,48,2023-12-02,7146.0,12.0,1.0
Saskatchewan,47.0,2023,48,2023-12-02,2912.0,11.2,1.0
Manitoba,46.0,2023,48,2023-12-02,1845.0,17.0,1.0
Ontario,35.0,2023,48,2023-12-02,11174.0,20.1,1.0
Quebec,24.0,2023,48,2023-12-02,14100.0,22.2,1.0
Newfoundland and Labrador,10.0,2023,48,2023-12-02,749.0,23.1,1.0
New Brunswick,13.0,2023,48,2023-12-02,1081.0,14.4,1.0
Nova Scotia,12.0,2023,48,2023-12-02,1476.0,26.9,1.0
Prince Edward Island,11.0,2023,48,2023-12-02,342.0,22.2,1.0
Yukon,60.0,2023,48,2023-12-02,45.0,4.4,1.0
Northwest Territories,61.0,2023,48,2023-12-02,43.0,7.0,1.0
Nunavut,62.0,2023,48,2023-12-02,161.0,8.7,1.0
Canada,1.0,2023,48,2023-12-02,44713.0,18.0,
British Columbia,59.0,2023,49,2023-12-09,4272.0,10.3,1.0
Alberta,48.0,2023,49,2023-12-09,7521.0,11.5,1.0
Saskatchewan,47.0,2023,49,2023-12-09,2876.0,12.6,1.0
Manitoba,46.0,2023,49,2023-12-09,2055.0,15.6,1.0
Ontario,35.0,2023,49,2023-12-09,11644.0,18.7,1.0
Quebec,24.0,2023,49,2023-12-09,14467.0,22.8,1.0
Newfoundland and Labrador,10.0,2023,49,2023-12-09,715.0,19.3,1.0
New Brunswick,13.0,2023,49,2023-12-09,1259.0,15.5,1.0
Nova Scotia,12.0,2023,49,2023-12-09,1442.0,24.5,1.0
Prince Edward Island,11.0,2023,49,2023-12-09,238.0,21.0,1.0
Yukon,60.0,2023,49,2023-12-09,55.0,7.3,1.0
Northwest Territories,61.0,2023,49,2023-12-09,56.0,7.1,1.0
Nunavut,62.0,2023,49,2023-12-09,276.0,6.9,1.0
Canada,1.0,2023,49,2023-12-09,46876.0,17.5,
British Columbia,59.0,2023,50,2023-12-16,3746.0,10.3,1.0
Alberta,48.0,2023,50,2023-12-16,7234.0,10.2,1.0
Saskatchewan,47.0,2023,50,2023-12-16,2729.0,10.8,1.0
Manitoba,46.0,2023,50,2023-12-16,2126.0,14.7,1.0
Ontario,35.0,2023,50,2023-12-16,12142.0,18.7,1.0
Quebec,24.0,2023,50,2023-12-16,15835.0,24.0,1.0
Newfoundland and Labrador,10.0,2023,50,2023-12-16,718.0,18.0,1.0
New Brunswick,13.0,2023,50,2023-12-16,1488.0,15.5,1.0
Nova Scotia,12.0,2023,50,2023-12-16,1625.0,22.6,1.0
Prince Edward Island,11.0,2023,50,2023-12-16,234.0,12.8,1.0
Yukon,60.0,2023,50,2023-12-16,45.0,13.3,1.0
Northwest Territories,61.0,2023,50,2023-12-16,72.0,4.2,1.0
Nunavut,62.0,2023,50,2023-12-16,221.0,5.4,1.0
Canada,1.0,2023,50,2023-12-16,48215.0,17.8,
British Columbia,59.0,2023,51,2023-12-23,3952.0,10.6,1.0
Alberta,48.0,2023,51,2023-12-23,6843.0,9.3,1.0
Saskatchewan,47.0,2023,51,2023-12-23,2444.0,9.7,1.0
Manitoba,46.0,2023,51,2023-12-23,2185.0,12.0,1.0
Ontario,35.0,2023,51,2023-12-23,11548.0,18.7,1.0
Quebec,24.0,2023,51,2023-12-23,16682.0,22.1,1.0
Newfoundland and Labrador,10.0,2023,51,2023-12-23,781.0,16.0,1.0
New Brunswick,13.0,2023,51,2023-12-23,1596.0,12.0,1.0
Nova Scotia,12.0,2023,51,2023-12-23,1713.0,20.1,1.0
Prince Edward Island,11.0,2023,51,2023-12-23,263.0,10.3,1.0
Yukon,60.0,2023,51,2023-12-23,62.0,14.5,1.0
Northwest Territories,61.0,2023,51,2023-12-23,64.0,1.6,1.0
Nunavut,62.0,2023,51,2023-12-23,239.0,10.9,1.0
Canada,1.0,2023,51,2023-12-23,48372.0,16.8,
British Columbia,59.0,2023,52,2023-12-30,4930.0,8.6,1.0
Alberta,48.0,2023,52,2023-12-30,6299.0,9.4,1.0
Saskatchewan,47.0,2023,52,2023-12-30,1899.0,11.3,1.0
Manitoba,46.0,2023,52,2023-12-30,2116.0,10.4,1.0
Ontario,35.0,2023,52,2023-12-30,11522.0,17.7,1.0
Quebec,24.0,2023,52,2023-12-30,15739.0,19.6,1.0
Newfoundland and Labrador,10.0,2023,52,2023-12-30,695.0,14.0,1.0
New Brunswick,13.0,2023,52,2023-12-30,1522.0,11.2,1.0
Nova Scotia,12.0,2023,52,2023-12-30,1672.0,18.5,1.0
Prince Edward Island,11.0,2023,52,2023-12-30,345.0,12.5,1.0
Yukon,60.0,2023,52,2023-12-30,53.0,7.5,1.0
Northwest Territories,61.0,2023,52,2023-12-30,64.0,1.6,1.0
Nunavut,62.0,2023,52,2023-12-30,141.0,5.7,1.0
Canada,1.0,2023,52,2023-12-30,46997.0,15.4,
British Columbia,59.0,2024,1,2024-01-06,5300.0,9.6,1.0
Alberta,48.0,2024,1,2024-01-06,6277.0,10.8,1.0
Saskatchewan,47.0,2024,1,2024-01-06,2357.0,10.8,1.0
Manitoba,46.0,2024,1,2024-01-06,1943.0,10.0,1.0
Ontario,35.0,2024,1,2024-01-06,11545.0,16.8,1.0
Quebec,24.0,2024,1,2024-01-06,15874.0,17.7,1.0
Newfoundland and Labrador,10.0,2024,1,2024-01-06,743.0,14.3,1.0
New Brunswick,13.0,2024,1,2024-01-06,1624.0,10.0,1.0
Nova Scotia,12.0,2024,1,2024-01-06,1732.0,15.8,1.0
Prince Edward Island,11.0,2024,1,2024-01-06,372.0,7.0,1.0
Yukon,60.0,2024,1,2024-01-06,64.0,23.4,1.0
Northwest Territories,61.0,2024,1,2024-01-06,77.0,3.9,1.0
Nunavut,62.0,2024,1,2024-01-06,152.0,2.0,1.0
Canada,1.0,2024,1,2024-01-06,48060.0,14.5,
British Columbia,59.0,2024,2,2024-01-13,4862.0,12.5,1.0
Alberta,48.0,2024,2,2024-01-13,5590.0,10.6,1.0
Saskatchewan,47.0,2024,2,2024-01-13,2079.0,9.9,1.0
Manitoba,46.0,2024,2,2024-01-13,1805.0,7.9,1.0
Ontario,35.0,2024,2,2024-01-13,11346.0,14.3,1.0
Quebec,24.0,2024,2,2024-01-13,13921.0,14.8,1.0
Newfoundland and Labrador,10.0,2024,2,2024-01-13,974.0,15.0,1.0
New Brunswick,13.0,2024,2,2024-01-13,1345.0,9.0,1.0
Nova Scotia,12.0,2024,2,2024-01-13,1684.0,14.0,1.0
Prince Edward Island,11.0,2024,2,2024-01-13,330.0,5.2,1.0
Yukon,60.0,2024,2,2024-01-13,51.0,9.8,1.0
Northwest Territories,61.0,2024,2,2024-01-13,74.0,8.1,1.0
Nunavut,62.0,2024,2,2024-01-13,127.0,3.9,1.0
Canada,1.0,2024,2,2024-01-13,44188.0,13.0,
British Columbia,59.0,2024,3,2024-01-20,4141.0,10.9,1.0
Alberta,48.0,2024,3,2024-01-20,5194.0,10.0,1.0
Saskatchewan,47.0,2024,3,2024-01-20,1837.0,11.5,1.0
Manitoba,46.0,2024,3,2024-01-20,1560.0,7.8,1.0
Ontario,35.0,2024,3,2024-01-20,9942.0,12.9,1.0
Quebec,24.0,2024,3,2024-01-20,11599.0,11.6,1.0
Newfoundland and Labrador,10.0,2024,3,2024-01-20,729.0,10.6,1.0
New Brunswick,13.0,2024,3,2024-01-20,1217.0,8.7,1.0
Nova Scotia,12.0,2024,3,2024-01-20,1559.0,13.0,1.0
Prince Edward Island,11.0,2024,3,2024-01-20,245.0,5.7,1.0
Yukon,60.0,2024,3,2024-01-20,44.0,6.8,1.0
Northwest Territories,61.0,2024,3,2024-01-20,38.0,2.6,1.0
Nunavut,62.0,2024,3,2024-01-20,85.0,3.5,1.0
Canada,1.0,2024,3,2024-01-20,38190.0,11.4,
British Columbia,59.0,2024,4,2024-01-27,4459.0,11.9,1.0
Alberta,48.0,2024,4,2024-01-27,5080.0,9.3,1.0
Saskatchewan,47.0,2024,4,2024-01-27,1723.0,8.9,1.0
Manitoba,46.0,2024,4,2024-01-27,1555.0,7.7,1.0
Ontario,35.0,2024,4,2024-01-27,9238.0,11.4,1.0
Quebec,24.0,2024,4,2024-01-27,11052.0,9.8,1.0
Newfoundland and Labrador,10.0,2024,4,2024-01-27,832.0,6.6,1.0
New Brunswick,13.0,2024,4,2024-01-27,1131.0,9.2,1.0
Nova Scotia,12.0,2024,4,2024-01-27,1563.0,12.0,1.0
Prince Edward Island,11.0,2024,4,2024-01-27,258.0,5.0,1.0
Yukon,60.0,2024,4,2024-01-27,59.0,1.7,1.0
Northwest Territories,61.0,2024,4,2024-01-27,44.0,4.5,1.0
Nunavut,62.0,2024,4,2024-01-27,95.0,5.3,1.0
Canada,1.0,2024,4,2024-01-27,37089.0,10.2,
British Columbia,59.0,2024,5,2024-02-03,4420.0,10.6,1.0
Alberta,48.0,2024,5,2024-02-03,4970.0,10.4,1.0
Saskatchewan,47.0,2024,5,2024-02-03,1814.0,8.1,1.0
Manitoba,46.0,2024,5,2024-02-03,1481.0,8.5,1.0
Ontario,35.0,2024,5,2024-02-03,9011.0,9.8,1.0
Quebec,24.0,2024,5,2024-02-03,10995.0,8.6,1.0
Newfoundland and Labrador,10.0,2024,5,2024-02-03,843.0,9.0,1.0
New Brunswick,13.0,2024,5,2024-02-03,1224.0,8.7,1.0
Nova Scotia,12.0,2024,5,2024-02-03,1585.0,9.3,1.0
Prince Edward Island,11.0,2024,5,2024-02-03,256.0,4.7,1.0
Yukon,60.0,2024,5,2024-02-03,60.0,13.3,1.0
Northwest Territories,61.0,2024,5,2024-02-03,36.0,2.8,1.0
Nunavut,62.0,2024,5,2024-02-03,76.0,1.3,1.0
Canada,1.0,2024,5,2024-02-03,36771.0,9.3,
British Columbia,59.0,2024,6,2024-02-10,3940.0,10.7,1.0
Alberta,48.0,2024,6,2024-02-10,4855.0,9.9,1.0
Saskatchewan,47.0,2024,6,2024-02-10,1704.0,10.3,1.0
Manitoba,46.0,2024,6,2024-02-10,1483.0,10.7,1.0
Ontario,35.0,2024,6,2024-02-10,8519.0,8.5,1.0
Quebec,24.0,2024,6,2024-02-10,10544.0,7.3,1.0
Newfoundland and Labrador,10.0,2024,6,2024-02-10,757.0,9.1,1.0
New Brunswick,13.0,2024,6,2024-02-10,1174.0,8.6,1.0
Nova Scotia,12.0,2024,6,2024-02-10,1368.0,9.7,1.0
Prince Edward Island,11.0,2024,6,2024-02-10,200.0,2.5,1.0
Yukon,60.0,2024,6,2024-02-10,45.0,8.9,1.0
Northwest Territories,61.0,2024,6,2024-02-10,31.0,9.7,1.0
Nunavut,62.0,2024,6,2024-02-10,120.0,5.8,1.0
Canada,1.0,2024,6,2024-02-10,34740.0,8.8,
British Columbia,59.0,2024,7,2024-02-17,3722.0,11.0,1.0
Alberta,48.0,2024,7,2024-02-17,4818.0,9.0,1.0
Saskatchewan,47.0,2024,7,2024-02-17,1731.0,8.5,1.0
Manitoba,46.0,2024,7,2024-02-17,1472.0,10.9,1.0
Ontario,35.0,2024,7,2024-02-17,8901.0,7.5,1.0
Quebec,24.0,2024,7,2024-02-17,11071.0,6.6,1.0
Newfoundland and Labrador,10.0,2024,7,2024-02-17,684.0,9.2,1.0
New Brunswick,13.0,2024,7,2024-02-17,1123.0,8.2,1.0
Nova Scotia,12.0,2024,7,2024-02-17,1185.0,9.9,1.0
Prince Edward Island,11.0,2024,7,2024-02-17,193.0,6.2,1.0
Yukon,60.0,2024,7,2024-02-17,53.0,13.2,1.0
Northwest Territories,61.0,2024,7,2024-02-17,36.0,0.0,1.0
Nunavut,62.0,2024,7,2024-02-17,109.0,6.4,1.0
Canada,1.0,2024,7,2024-02-17,35098.0,8.1,
British Columbia,59.0,2024,8,2024-02-24,3872.0,12.4,1.0
Alberta,48.0,2024,8,2024-02-24,4755.0,7.6,1.0
Saskatchewan,47.0,2024,8,2024-02-24,1769.0,9.3,1.0
Manitoba,46.0,2024,8,2024-02-24,1366.0,11.6,1.0
Ontario,35.0,2024,8,2024-02-24,8077.0,6.8,1.0
Quebec,24.0,2024,8,2024-02-24,10925.0,5.1,1.0
Newfoundland and Labrador,10.0,2024,8,2024-02-24,584.0,5.8,1.0
New Brunswick,13.0,2024,8,2024-02-24,1128.0,7.7,1.0
Nova Scotia,12.0,2024,8,2024-02-24,1205.0,9.5,1.0
Prince Edward Island,11.0,2024,8,2024-02-24,181.0,10.5,1.0
Yukon,60.0,2024,8,2024-02-24,71.0,14.1,1.0
Northwest Territories,61.0,2024,8,2024-02-24,59.0,3.4,1.0
Nunavut,62.0,2024,8,2024-02-24,153.0,11.1,1.0
Canada,1.0,2024,8,2024-02-24,34145.0,7.5,
British Columbia,59.0,2024,9,2024-03-02,3972.0,11.8,1.0
Alberta,48.0,2024,9,2024-03-02,4681.0,7.6,1.0
Saskatchewan,47.0,2024,9,2024-03-02,1689.0,8.1,1.0
Manitoba,46.0,2024,9,2024-03-02,1462.0,11.3,1.0
Ontario,35.0,2024,9,2024-03-02,8299.0,6.2,1.0
Quebec,24.0,2024,9,2024-03-02,10468.0,4.9,1.0
Newfoundland and Labrador,10.0,2024,9,2024-03-02,530.0,7.5,1.0
New Brunswick,13.0,2024,9,2024-03-02,1086.0,6.9,1.0
Nova Scotia,12.0,2024,9,2024-03-02,1156.0,7.6,1.0
Prince Edward Island,11.0,2024,9,2024-03-02,220.0,3.2,1.0
Yukon,60.0,2024,9,2024-03-02,54.0,3.7,1.0
Northwest Territories,61.0,2024,9,2024-03-02,44.0,6.8,1.0
Nunavut,62.0,2024,9,2024-03-02,119.0,7.6,1.0
Canada,1.0,2024,9,2024-03-02,33780.0,7.0,
British Columbia,59.0,2024,10,2024-03-09,3860.0,12.3,1.0
Alberta,48.0,2024,10,2024-03-09,4775.0,6.6,1.0
Saskatchewan,47.0,2024,10,2024-03-09,1609.0,6.8,1.0
Manitoba,46.0,2024,10,2024-03-09,1461.0,12.5,1.0
Ontario,35.0,2024,10,2024-03-09,7884.0,4.7,1.0
Quebec,24.0,2024,10,2024-03-09,9479.0,3.5,1.0
Newfoundland and Labrador,10.0,2024,10,2024-03-09,457.0,6.3,1.0
New Brunswick,13.0,2024,10,2024-03-09,1265.0,5.8,1.0
Nova Scotia,12.0,2024,10,2024-03-09,1167.0,10.1,1.0
Prince Edward Island,11.0,2024,10,2024-03-09,223.0,4.5,1.0
Yukon,60.0,2024,10,2024-03-09,38.0,7.9,1.0
Northwest Territories,61.0,2024,10,2024-03-09,66.0,4.5,1.0
Nunavut,62.0,2024,10,2024-03-09,200.0,6.5,1.0
Canada,1.0,2024,10,2024-03-09,32484.0,6.2,
British Columbia,59.0,2024,11,2024-03-16,3904.0,11.6,1.0
Alberta,48.0,2024,11,2024-03-16,4519.0,6.3,1.0
Saskatchewan,47.0,2024,11,2024-03-16,1727.0,6.0,1.0
Manitoba,46.0,2024,11,2024-03-16,1549.0,12.1,1.0
Ontario,35.0,2024,11,2024-03-16,7702.0,5.5,1.0
Quebec,24.0,2024,11,2024-03-16,9376.0,3.0,1.0
Newfoundland and Labrador,10.0,2024,11,2024-03-16,565.0,6.5,1.0
New Brunswick,13.0,2024,11,2024-03-16,1200.0,3.8,1.0
Nova Scotia,12.0,2024,11,2024-03-16,1306.0,9.7,1.0
Prince Edward Island,11.0,2024,11,2024-03-16,275.0,7.6,1.0
Yukon,60.0,2024,11,2024-03-16,46.0,4.3,1.0
Northwest Territories,61.0,2024,11,2024-03-16,33.0,3.0,1.0
Nunavut,62.0,2024,11,2024-03-16,214.0,8.9,1.0
Canada,1.0,2024,11,2024-03-16,32416.0,6.1,
British Columbia,59.0,2024,12,2024-03-23,3552.0,9.8,1.0
Alberta,48.0,2024,12,2024-03-23,4562.0,5.7,1.0
Saskatchewan,47.0,2024,12,2024-03-23,1605.0,5.0,1.0
Manitoba,46.0,2024,12,2024-03-23,1380.0,8.9,1.0
Ontario,35.0,2024,12,2024-03-23,7772.0,4.3,1.0
Quebec,24.0,2024,12,2024-03-23,8609.0,2.3,1.0
Newfoundland and Labrador,10.0,2024,12,2024-03-23,523.0,9.4,1.0
New Brunswick,13.0,2024,12,2024-03-23,1114.0,5.5,1.0
Nova Scotia,12.0,2024,12,2024-03-23,1265.0,8.5,1.0
Prince Edward Island,11.0,2024,12,2024-03-23,304.0,9.9,1.0
Yukon,60.0,2024,12,2024-03-23,33.0,6.1,1.0
Northwest Territories,61.0,2024,12,2024-03-23,40.0,5.0,1.0
Nunavut,62.0,2024,12,2024-03-23,232.0,5.2,1.0
Canada,1.0,2024,12,2024-03-23,30991.0,5.2,
British Columbia,59.0,2024,13,2024-03-30,3450.0,9.2,1.0
Alberta,48.0,2024,13,2024-03-30,4487.0,4.6,1.0
Saskatchewan,47.0,2024,13,2024-03-30,1750.0,4.8,1.0
Manitoba,46.0,2024,13,2024-03-30,1280.0,6.6,1.0
Ontario,35.0,2024,13,2024-03-30,6962.0,4.3,1.0
Quebec,24.0,2024,13,2024-03-30,8537.0,2.7,1.0
Newfoundland and Labrador,10.0,2024,13,2024-03-30,533.0,11.1,1.0
New Brunswick,13.0,2024,13,2024-03-30,867.0,4.5,1.0
Nova Scotia,12.0,2024,13,2024-03-30,1217.0,6.7,1.0
Prince Edward Island,11.0,2024,13,2024-03-30,214.0,7.0,1.0
Yukon,60.0,2024,13,2024-03-30,31.0,0.0,1.0
Northwest Territories,61.0,2024,13,2024-03-30,25.0,12.0,1.0
Nunavut,62.0,2024,13,2024-03-30,216.0,7.9,1.0
Canada,1.0,2024,13,2024-03-30,29569.0,4.9,
British Columbia,59.0,2024,14,2024-04-06,3303.0,10.5,1.0
Alberta,48.0,2024,14,2024-04-06,4400.0,3.7,1.0
Saskatchewan,47.0,2024,14,2024-04-06,1613.0,4.8,1.0
Manitoba,46.0,2024,14,2024-04-06,1325.0,6.5,1.0
Ontario,35.0,2024,14,2024-04-06,7100.0,4.6,1.0
Quebec,24.0,2024,14,2024-04-06,8696.0,2.4,1.0
Newfoundland and Labrador,10.0,2024,14,2024-04-06,557.0,8.6,1.0
New Brunswick,13.0,2024,14,2024-04-06,975.0,4.3,1.0
Nova Scotia,12.0,2024,14,2024-04-06,1278.0,6.5,1.0
Prince Edward Island,11.0,2024,14,2024-04-06,154.0,3.2,1.0
Yukon,60.0,2024,14,2024-04-06,57.0,1.8,1.0
Northwest Territories,61.0,2024,14,2024-04-06,35.0,2.9,1.0
Nunavut,62.0,2024,14,2024-04-06,181.0,6.6,1.0
Canada,1.0,2024,14,2024-04-06,29674.0,4.7,
British Columbia,59.0,2024,15,2024-04-13,2987.0,9.2,1.0
Alberta,48.0,2024,15,2024-04-13,4223.0,4.7,1.0
Saskatchewan,47.0,2024,15,2024-04-13,1682.0,4.7,1.0
Manitoba,46.0,2024,15,2024-04-13,1355.0,8.1,1.0
Ontario,35.0,2024,15,2024-04-13,6878.0,5.2,1.0
Quebec,24.0,2024,15,2024-04-13,8694.0,2.3,1.0
Newfoundland and Labrador,10.0,2024,15,2024-04-13,593.0,13.0,1.0
New Brunswick,13.0,2024,15,2024-04-13,1013.0,3.7,1.0
Nova Scotia,12.0,2024,15,2024-04-13,1464.0,5.9,1.0
Prince Edward Island,11.0,2024,15,2024-04-13,173.0,3.5,1.0
Yukon,60.0,2024,15,2024-04-13,38.0,2.6,1.0
Northwest Territories,61.0,2024,15,2024-04-13,29.0,3.4,1.0
Nunavut,62.0,2024,15,2024-04-13,203.0,6.9,1.0
Canada,1.0,2024,15,2024-04-13,29332.0,4.9,
British Columbia,59.0,2024,16,2024-04-20,3017.0,9.0,1.0
Alberta,48.0,2024,16,2024-04-20,4008.0,5.0,1.0
Saskatchewan,47.0,2024,16,2024-04-20,1347.0,3.7,1.0
Manitoba,46.0,2024,16,2024-04-20,1260.0,7.5,1.0
Ontario,35.0,2024,16,2024-04-20,6469.0,4.6,1.0
Quebec,24.0,2024,16,2024-04-20,7913.0,2.4,1.0
Newfoundland and Labrador,10.0,2024,16,2024-04-20,582.0,12.0,1.0
New Brunswick,13.0,2024,16,2024-04-20,955.0,4.0,1.0
Nova Scotia,12.0,2024,16,2024-04-20,1325.0,6.0,1.0
Prince Edward Island,11.0,2024,16,2024-04-20,108.0,4.6,1.0
Yukon,60.0,2024,16,2024-04-20,41.0,0.0,1.0
Northwest Territories,61.0,2024,16,2024-04-20,29.0,0.0,1.0
Nunavut,62.0,2024,16,2024-04-20,164.0,7.9,1.0
Canada,1.0,2024,16,2024-04-20,27218.0,4.8,
British Columbia,59.0,2024,17,2024-04-27,2961.0,9.3,1.0
Alberta,48.0,2024,17,2024-04-27,4265.0,5.4,1.0
Saskatchewan,47.0,2024,17,2024-04-27,1285.0,4.6,1.0
Manitoba,46.0,2024,17,2024-04-27,1284.0,5.5,1.0
Ontario,35.0,2024,17,2024-04-27,6117.0,5.5,1.0
Quebec,24.0,2024,17,2024-04-27,7721.0,3.5,1.0
Newfoundland and Labrador,10.0,2024,17,2024-04-27,617.0,14.1,1.0
New Brunswick,13.0,2024,17,2024-04-27,870.0,4.0,1.0
Nova Scotia,12.0,2024,17,2024-04-27,1155.0,7.3,1.0
Prince Edward Island,11.0,2024,17,2024-04-27,148.0,2.7,1.0
Yukon,60.0,2024,17,2024-04-27,29.0,3.4,1.0
Northwest Territories,61.0,2024,17,2024-04-27,25.0,8.0,1.0
Nunavut,62.0,2024,17,2024-04-27,184.0,9.2,1.0
Canada,1.0,2024,17,2024-04-27,26661.0,5.5,
British Columbia,59.0,2024,18,2024-05-04,3198.0,10.6,1.0
Alberta,48.0,2024,18,2024-05-04,4245.0,6.9,1.0
Saskatchewan,47.0,2024,18,2024-05-04,1420.0,5.4,1.0
Manitoba,46.0,2024,18,2024-05-04,1147.0,6.5,1.0
Ontario,35.0,2024,18,2024-05-04,6486.0,8.0,1.0
Quebec,24.0,2024,18,2024-05-04,7595.0,3.5,1.0
Newfoundland and Labrador,10.0,2024,18,2024-05-04,685.0,9.5,1.0
New Brunswick,13.0,2024,18,2024-05-04,846.0,2.8,1.0
Nova Scotia,12.0,2024,18,2024-05-04,1285.0,6.2,1.0
Prince Edward Island,11.0,2024,18,2024-05-04,168.0,4.2,1.0
Yukon,60.0,2024,18,2024-05-04,34.0,17.6,1.0
Northwest Territories,61.0,2024,18,2024-05-04,18.0,0.0,1.0
Nunavut,62.0,2024,18,2024-05-04,187.0,14.4,1.0
Canada,1.0,2024,18,2024-05-04,27314.0,6.5,
British Columbia,59.0,2024,19,2024-05-11,3142.0,13.1,1.0
Alberta,48.0,2024,19,2024-05-11,4198.0,6.8,1.0
Saskatchewan,47.0,2024,19,2024-05-11,1243.0,4.2,1.0
Manitoba,46.0,2024,19,2024-05-11,1217.0,9.9,1.0
Ontario,35.0,2024,19,2024-05-11,6071.0,7.8,1.0
Quebec,24.0,2024,19,2024-05-11,7355.0,4.9,1.0
Newfoundland and Labrador,10.0,2024,19,2024-05-11,633.0,12.0,1.0
New Brunswick,13.0,2024,19,2024-05-11,769.0,3.5,1.0
Nova Scotia,12.0,2024,19,2024-05-11,1244.0,8.4,1.0
Prince Edward Island,11.0,2024,19,2024-05-11,142.0,5.6,1.0
Yukon,60.0,2024,19,2024-05-11,45.0,2.2,1.0
Northwest Territories,61.0,2024,19,2024-05-11,10.0,0.0,1.0
Nunavut,62.0,2024,19,2024-05-11,178.0,15.2,1.0
Canada,1.0,2024,19,2024-05-11,26247.0,7.4,
British Columbia,59.0,2024,20,2024-05-18,2982.0,12.2,1.0
Alberta,48.0,2024,20,2024-05-18,4010.0,7.9,1.0
Saskatchewan,47.0,2024,20,2024-05-18,1158.0,6.5,1.0
Manitoba,46.0,2024,20,2024-05-18,1138.0,9.2,1.0
Ontario,35.0,2024,20,2024-05-18,5798.0,8.8,1.0
Quebec,24.0,2024,20,2024-05-18,7113.0,6.2,1.0
Newfoundland and Labrador,10.0,2024,20,2024-05-18,849.0,11.1,1.0
New Brunswick,13.0,2024,20,2024-05-18,792.0,3.9,1.0
Nova Scotia,12.0,2024,20,2024-05-18,1100.0,10.2,1.0
Prince Edward Island,11.0,2024,20,2024-05-18,87.0,4.6,1.0
Yukon,60.0,2024,20,2024-05-18,44.0,6.8,1.0
Northwest Territories,61.0,2024,20,2024-05-18,22.0,0.0,1.0
Nunavut,62.0,2024,20,2024-05-18,166.0,5.4,1.0
Canada,1.0,2024,20,2024-05-18,25259.0,8.2,
British Columbia,59.0,2024,21,2024-05-25,2910.0,10.9,1.0
Alberta,48.0,2024,21,2024-05-25,3852.0,9.9,1.0
Saskatchewan,47.0,2024,21,2024-05-25,1118.0,5.8,1.0
Manitoba,46.0,2024,21,2024-05-25,1015.0,4.9,1.0
Ontario,35.0,2024,21,2024-05-25,5434.0,8.0,1.0
Quebec,24.0,2024,21,2024-05-25,6510.0,6.3,1.0
Newfoundland and Labrador,10.0,2024,21,2024-05-25,798.0,9.5,1.0
New Brunswick,13.0,2024,21,2024-05-25,709.0,4.4,1.0
Nova Scotia,12.0,2024,21,2024-05-25,1103.0,8.3,1.0
Prince Edward Island,11.0,2024,21,2024-05-25,121.0,10.7,1.0
Yukon,60.0,2024,21,2024-05-25,35.0,0.0,1.0
Northwest Territories,61.0,2024,21,2024-05-25,17.0,11.8,1.0
Nunavut,62.0,2024,21,2024-05-25,167.0,3.6,1.0
Canada,1.0,2024,21,2024-05-25,23789.0,7.9,
British Columbia,59.0,2024,22,2024-06-01,2843.0,11.2,1.0
Alberta,48.0,2024,22,2024-06-01,3799.0,10.4,1.0
Saskatchewan,47.0,2024,22,2024-06-01,1070.0,7.2,1.0
Manitoba,46.0,2024,22,2024-06-01,990.0,8.5,1.0
Ontario,35.0,2024,22,2024-06-01,5462.0,7.0,1.0
Quebec,24.0,2024,22,2024-06-01,6091.0,8.1,1.0
Newfoundland and Labrador,10.0,2024,22,2024-06-01,700.0,12.1,1.0
New Brunswick,13.0,2024,22,2024-06-01,814.0,3.8,1.0
Nova Scotia,12.0,2024,22,2024-06-01,950.0,7.1,1.0
Prince Edward Island,11.0,2024,22,2024-06-01,113.0,6.2,1.0
Yukon,60.0,2024,22,2024-06-01,42.0,2.4,1.0
Northwest Territories,61.0,2024,22,2024-06-01,21.0,4.8,1.0
Nunavut,62.0,2024,22,2024-06-01,155.0,4.5,1.0
Canada,1.0,2024,22,2024-06-01,23050.0,8.5,
British Columbia,59.0,2024,23,2024-06-08,2894.0,14.9,1.0
Alberta,48.0,2024,23,2024-06-08,3875.0,11.9,1.0
Saskatchewan,47.0,2024,23,2024-06-08,1144.0,7.6,1.0
Manitoba,46.0,2024,23,2024-06-08,977.0,8.9,1.0
Ontario,35.0,2024,23,2024-06-08,5480.0,6.9,1.0
Quebec,24.0,2024,23,2024-06-08,6089.0,8.7,1.0
Newfoundland and Labrador,10.0,2024,23,2024-06-08,669.0,14.2,1.0
New Brunswick,13.0,2024,23,2024-06-08,762.0,5.1,1.0
Nova Scotia,12.0,2024,23,2024-06-08,1030.0,11.5,1.0
Prince Edward Island,11.0,2024,23,2024-06-08,104.0,13.5,1.0
Yukon,60.0,2024,23,2024-06-08,36.0,19.4,1.0
Northwest Territories,61.0,2024,23,2024-06-08,16.0,0.0,1.0
Nunavut,62.0,2024,23,2024-06-08,170.0,7.1,1.0
Canada,1.0,2024,23,2024-06-08,23246.0,9.7,
British Columbia,59.0,2024,24,2024-06-15,2888.0,14.7,1.0
Alberta,48.0,2024,24,2024-06-15,3795.0,10.9,1.0
Saskatchewan,47.0,2024,24,2024-06-15,1103.0,9.5,1.0
Manitoba,46.0,2024,24,2024-06-15,899.0,11.8,1.0
Ontario,35.0,2024,24,2024-06-15,5094.0,7.6,1.0
Quebec,24.0,2024,24,2024-06-15,5907.0,9.2,1.0
Newfoundland and Labrador,10.0,2024,24,2024-06-15,570.0,16.0,1.0
New Brunswick,13.0,2024,24,2024-06-15,698.0,4.3,1.0
Nova Scotia,12.0,2024,24,2024-06-15,910.0,8.4,1.0
Prince Edward Island,11.0,2024,24,2024-06-15,73.0,13.7,1.0
Yukon,60.0,2024,24,2024-06-15,65.0,33.8,1.0
Northwest Territories,61.0,2024,24,2024-06-15,19.0,15.8,1.0
Nunavut,62.0,2024,24,2024-06-15,121.0,7.4,1.0
Canada,1.0,2024,24,2024-06-15,22142.0,10.0,
British Columbia,59.0,2024,25,2024-06-22,2978.0,14.6,1.0
Alberta,48.0,2024,25,2024-06-22,3486.0,11.3,1.0
Saskatchewan,47.0,2024,25,2024-06-22,1164.0,10.7,1.0
Manitoba,46.0,2024,25,2024-06-22,957.0,7.4,1.0
Ontario,35.0,2024,25,2024-06-22,5014.0,8.1,1.0
Quebec,24.0,2024,25,2024-06-22,6396.0,11.4,1.0
Newfoundland and Labrador,10.0,2024,25,2024-06-22,517.0,15.1,1.0
New Brunswick,13.0,2024,25,2024-06-22,697.0,4.3,1.0
Nova Scotia,12.0,2024,25,2024-06-22,786.0,7.8,1.0
Prince Edward Island,11.0,2024,25,2024-06-22,83.0,6.0,1.0
Yukon,60.0,2024,25,2024-06-22,67.0,20.9,1.0
Northwest Territories,61.0,2024,25,2024-06-22,23.0,13.0,1.0
Nunavut,62.0,2024,25,2024-06-22,113.0,3.5,1.0
Canada,1.0,2024,25,2024-06-22,22281.0,10.6,
British Columbia,59.0,2024,26,2024-06-29,2894.0,15.9,1.0
Alberta,48.0,2024,26,2024-06-29,3362.0,12.1,1.0
Saskatchewan,47.0,2024,26,2024-06-29,1092.0,13.6,1.0
Manitoba,46.0,2024,26,2024-06-29,890.0,10.3,1.0
Ontario,35.0,2024,26,2024-06-29,5114.0,8.8,1.0
Quebec,24.0,2024,26,2024-06-29,6241.0,11.5,1.0
Newfoundland and Labrador,10.0,2024,26,2024-06-29,502.0,14.7,1.0
New Brunswick,13.0,2024,26,2024-06-29,679.0,6.5,1.0
Nova Scotia,12.0,2024,26,2024-06-29,877.0,9.1,1.0
Prince Edward Island,11.0,2024,26,2024-06-29,80.0,27.5,1.0
Yukon,60.0,2024,26,2024-06-29,56.0,10.7,1.0
Northwest Territories,61.0,2024,26,2024-06-29,19.0,5.3,1.0
Nunavut,62.0,2024,26,2024-06-29,119.0,5.9,1.0
Canada,1.0,2024,26,2024-06-29,21925.0,11.5,
British Columbia,59.0,2024,27,2024-07-06,2797.0,17.2,1.0
Alberta,48.0,2024,27,2024-07-06,3566.0,10.9,1.0
Saskatchewan,47.0,2024,27,2024-07-06,1234.0,13.6,1.0
Manitoba,46.0,2024,27,2024-07-06,830.0,8.2,1.0
Ontario,35.0,2024,27,2024-07-06,5011.0,9.4,1.0
Quebec,24.0,2024,27,2024-07-06,6476.0,13.6,1.0
Newfoundland and Labrador,10.0,2024,27,2024-07-06,544.0,15.4,1.0
New Brunswick,13.0,2024,27,2024-07-06,746.0,7.8,1.0
Nova Scotia,12.0,2024,27,2024-07-06,893.0,9.6,1.0
Prince Edward Island,11.0,2024,27,2024-07-06,132.0,18.2,1.0
Yukon,60.0,2024,27,2024-07-06,40.0,17.5,1.0
Northwest Territories,61.0,2024,27,2024-07-06,29.0,6.9,1.0
Nunavut,62.0,2024,27,2024-07-06,88.0,6.8,1.0
Canada,1.0,2024,27,2024-07-06,22386.0,12.2,
British Columbia,59.0,2024,28,2024-07-13,2823.0,18.4,1.0
Alberta,48.0,2024,28,2024-07-13,3710.0,9.2,1.0
Saskatchewan,47.0,2024,28,2024-07-13,1209.0,12.2,1.0
Manitoba,46.0,2024,28,2024-07-13,800.0,8.0,1.0
Ontario,35.0,2024,28,2024-07-13,5409.0,11.2,1.0
Quebec,24.0,2024,28,2024-07-13,7123.0,14.5,1.0
Newfoundland and Labrador,10.0,2024,28,2024-07-13,537.0,16.2,1.0
New Brunswick,13.0,2024,28,2024-07-13,803.0,8.1,1.0
Nova Scotia,12.0,2024,28,2024-07-13,893.0,15.3,1.0
Prince Edward Island,11.0,2024,28,2024-07-13,118.0,11.9,1.0
Yukon,60.0,2024,28,2024-07-13,29.0,13.8,1.0
Northwest Territories,61.0,2024,28,2024-07-13,30.0,16.7,1.0
Nunavut,62.0,2024,28,2024-07-13,74.0,2.7,1.0
Canada,1.0,2024,28,2024-07-13,23558.0,12.9,
British Columbia,59.0,2024,29,2024-07-20,2592.0,17.0,1.0
Alberta,48.0,2024,29,2024-07-20,3290.0,11.2,1.0
Saskatchewan,47.0,2024,29,2024-07-20,1054.0,11.5,1.0
Manitoba,46.0,2024,29,2024-07-20,949.0,14.9,1.0
Ontario,35.0,2024,29,2024-07-20,5333.0,11.0,1.0
Quebec,24.0,2024,29,2024-07-20,7517.0,17.2,1.0
Newfoundland and Labrador,10.0,2024,29,2024-07-20,560.0,16.6,1.0
New Brunswick,13.0,2024,29,2024-07-20,824.0,9.5,1.0
Nova Scotia,12.0,2024,29,2024-07-20,919.0,12.2,1.0
Prince Edward Island,11.0,2024,29,2024-07-20,224.0,11.2,1.0
Yukon,60.0,2024,29,2024-07-20,37.0,10.8,1.0
Northwest Territories,61.0,2024,29,2024-07-20,27.0,18.5,1.0
Nunavut,62.0,2024,29,2024-07-20,76.0,2.6,1.0
Canada,1.0,2024,29,2024-07-20,23402.0,14.0,
British Columbia,59.0,2024,30,2024-07-27,2530.0,15.1,1.0
Alberta,48.0,2024,30,2024-07-27,3141.0,10.9,1.0
Saskatchewan,47.0,2024,30,2024-07-27,1006.0,8.9,1.0
Manitoba,46.0,2024,30,2024-07-27,1021.0,14.7,1.0
Ontario,35.0,2024,30,2024-07-27,5611.0,12.2,1.0
Quebec,24.0,2024,30,2024-07-27,7925.0,17.6,1.0
Newfoundland and Labrador,10.0,2024,30,2024-07-27,430.0,17.4,1.0
New Brunswick,13.0,2024,30,2024-07-27,788.0,10.4,1.0
Nova Scotia,12.0,2024,30,2024-07-27,912.0,11.8,1.0
Prince Edward Island,11.0,2024,30,2024-07-27,100.0,24.0,1.0
Yukon,60.0,2024,30,2024-07-27,35.0,17.1,1.0
Northwest Territories,61.0,2024,30,2024-07-27,19.0,21.1,1.0
Nunavut,62.0,2024,30,2024-07-27,72.0,6.9,1.0
Canada,1.0,2024,30,2024-07-27,23590.0,14.2,
British Columbia,59.0,2024,31,2024-08-03,2646.0,18.1,1.0
Alberta,48.0,2024,31,2024-08-03,3219.0,11.3,1.0
Saskatchewan,47.0,2024,31,2024-08-03,1001.0,10.3,1.0
Manitoba,46.0,2024,31,2024-08-03,1048.0,14.3,1.0
Ontario,35.0,2024,31,2024-08-03,5277.0,13.5,1.0
Quebec,24.0,2024,31,2024-08-03,8404.0,19.7,1.0
Newfoundland and Labrador,10.0,2024,31,2024-08-03,497.0,14.3,1.0
New Brunswick,13.0,2024,31,2024-08-03,824.0,11.7,1.0
Nova Scotia,12.0,2024,31,2024-08-03,895.0,15.6,1.0
Prince Edward Island,11.0,2024,31,2024-08-03,117.0,8.5,1.0
Yukon,60.0,2024,31,2024-08-03,38.0,15.8,1.0
Northwest Territories,61.0,2024,31,2024-08-03,22.0,22.7,1.0
Nunavut,62.0,2024,31,2024-08-03,76.0,5.3,1.0
Canada,1.0,2024,31,2024-08-03,24064.0,15.8,
British Columbia,59.0,2024,32,2024-08-10,2477.0,15.9,1.0
Alberta,48.0,2024,32,2024-08-10,3171.0,10.4,1.0
Saskatchewan,47.0,2024,32,2024-08-10,1014.0,10.7,1.0
Manitoba,46.0,2024,32,2024-08-10,1024.0,16.8,1.0
Ontario,35.0,2024,32,2024-08-10,5600.0,12.8,1.0
Quebec,24.0,2024,32,2024-08-10,8116.0,18.1,1.0
Newfoundland and Labrador,10.0,2024,32,2024-08-10,532.0,14.8,1.0
New Brunswick,13.0,2024,32,2024-08-10,832.0,10.1,1.0
Nova Scotia,12.0,2024,32,2024-08-10,1039.0,16.3,1.0
Prince Edward Island,11.0,2024,32,2024-08-10,120.0,20.8,1.0
Yukon,60.0,2024,32,2024-08-10,43.0,16.3,1.0
Northwest Territories,61.0,2024,32,2024-08-10,27.0,7.4,1.0
Nunavut,62.0,2024,32,2024-08-10,94.0,3.2,1.0
Canada,1.0,2024,32,2024-08-10,24089.0,14.8,
British Columbia,59.0,2024,33,2024-08-17,2533.0,16.8,1.0
Alberta,48.0,2024,33,2024-08-17,3112.0,9.5,1.0
Saskatchewan,47.0,2024,33,2024-08-17,1108.0,13.4,1.0
Manitoba,46.0,2024,33,2024-08-17,1041.0,14.5,1.0
Ontario,35.0,2024,33,2024-08-17,6272.0,13.1,1.0
Quebec,24.0,2024,33,2024-08-17,8521.0,20.4,1.0
Newfoundland and Labrador,10.0,2024,33,2024-08-17,498.0,10.8,1.0
New Brunswick,13.0,2024,33,2024-08-17,884.0,11.3,1.0
Nova Scotia,12.0,2024,33,2024-08-17,1076.0,16.7,1.0
Prince Edward Island,11.0,2024,33,2024-08-17,174.0,22.4,1.0
Yukon,60.0,2024,33,2024-08-17,42.0,9.5,1.0
Northwest Territories,61.0,2024,33,2024-08-17,30.0,16.7,1.0
Nunavut,62.0,2024,33,2024-08-17,118.0,3.4,1.0
Canada,1.0,2024,33,2024-08-17,25409.0,15.6,
British Columbia,59.0,2024,34,2024-08-24,2623.0,17.9,1.0
Alberta,48.0,2024,34,2024-08-24,3213.0,9.5,1.0
Saskatchewan,47.0,2024,34,2024-08-24,1128.0,12.1,1.0
Manitoba,46.0,2024,34,2024-08-24,1121.0,15.3,1.0
Ontario,35.0,2024,34,2024-08-24,6120.0,15.7,1.0
Quebec,24.0,2024,34,2024-08-24,8755.0,21.1,1.0
Newfoundland and Labrador,10.0,2024,34,2024-08-24,580.0,11.4,1.0
New Brunswick,13.0,2024,34,2024-08-24,966.0,12.6,1.0
Nova Scotia,12.0,2024,34,2024-08-24,1069.0,22.9,1.0
Prince Edward Island,11.0,2024,34,2024-08-24,156.0,14.1,1.0
Yukon,60.0,2024,34,2024-08-24,39.0,5.1,1.0
Northwest Territories,61.0,2024,34,2024-08-24,31.0,9.7,1.0
Nunavut,62.0,2024,34,2024-08-24,94.0,9.6,1.0
Canada,1.0,2024,34,2024-08-24,25895.0,16.8,
British Columbia,59.0,2024,35,2024-08-31,2571.0,18.8,1.0
Alberta,48.0,2024,35,2024-08-31,3141.0,10.2,updated
Saskatchewan,47.0,2024,35,2024-08-31,1090.0,11.9,updated
Manitoba,46.0,2024,35,2024-08-31,1095.0,17.2,1.0
Ontario,35.0,2024,35,2024-08-31,6459.0,15.4,1.0
Quebec,24.0,2024,35,2024-08-31,9440.0,22.7,1.0
Newfoundland and Labrador,10.0,2024,35,2024-08-31,523.0,13.2,1.0
New Brunswick,13.0,2024,35,2024-08-31,1073.0,16.8,1.0
Nova Scotia,12.0,2024,35,2024-08-31,1198.0,20.6,1.0
Prince Edward Island,11.0,2024,35,2024-08-31,139.0,15.8,1.0
Yukon,60.0,2024,35,2024-08-31,46.0,21.7,1.0
Northwest Territories,61.0,2024,35,2024-08-31,26.0,30.8,1.0
Nunavut,62.0,2024,35,2024-08-31,107.0,4.7,1.0
Canada,1.0,2024,35,2024-08-31,26908.0,17.9,updated
British Columbia,59.0,2024,36,2024-09-07,2807.0,19.1,1.0
Alberta,48.0,2024,36,2024-09-07,3290.0,11.9,updated
Saskatchewan,47.0,2024,36,2024-09-07,1140.0,13.2,1.0
Manitoba,46.0,2024,36,2024-09-07,1136.0,18.9,1.0
Ontario,35.0,2024,36,2024-09-07,5813.0,16.4,1.0
Quebec,24.0,2024,36,2024-09-07,9733.0,22.4,1.0
Newfoundland and Labrador,10.0,2024,36,2024-09-07,511.0,14.5,1.0
New Brunswick,13.0,2024,36,2024-09-07,1064.0,16.5,1.0
Nova Scotia,12.0,2024,36,2024-09-07,1205.0,18.9,1.0
Prince Edward Island,11.0,2024,36,2024-09-07,123.0,20.3,1.0
Yukon,60.0,2024,36,2024-09-07,33.0,18.2,1.0
Northwest Territories,61.0,2024,36,2024-09-07,42.0,23.8,1.0
Nunavut,62.0,2024,36,2024-09-07,91.0,5.5,1.0
Canada,1.0,2024,36,2024-09-07,26988.0,18.4,updated
British Columbia,59.0,2024,37,2024-09-14,2919.0,18.9,updated
Alberta,48.0,2024,37,2024-09-14,3571.0,11.6,1.0
Saskatchewan,47.0,2024,37,2024-09-14,1312.0,13.1,updated
Manitoba,46.0,2024,37,2024-09-14,1118.0,16.4,1.0
Ontario,35.0,2024,37,2024-09-14,7089.0,18.3,1.0
Quebec,24.0,2024,37,2024-09-14,11088.0,22.5,updated
Newfoundland and Labrador,10.0,2024,37,2024-09-14,566.0,15.7,1.0
New Brunswick,13.0,2024,37,2024-09-14,1158.0,17.1,1.0
Nova Scotia,12.0,2024,37,2024-09-14,1331.0,18.0,1.0
Prince Edward Island,11.0,2024,37,2024-09-14,130.0,12.3,1.0
Yukon,60.0,2024,37,2024-09-14,56.0,23.2,1.0
Northwest Territories,61.0,2024,37,2024-09-14,37.0,18.9,1.0
Nunavut,62.0,2024,37,2024-09-14,97.0,9.3,1.0
Canada,1.0,2024,37,2024-09-14,30472.0,18.7,updated
British Columbia,59.0,2024,38,2024-09-21,3075.0,17.3,updated
Alberta,48.0,2024,38,2024-09-21,4070.0,12.2,updated
Saskatchewan,47.0,2024,38,2024-09-21,1403.0,15.7,updated
Manitoba,46.0,2024,38,2024-09-21,1105.0,18.0,1.0
Ontario,35.0,2024,38,2024-09-21,7047.0,18.5,1.0
Quebec,24.0,2024,38,2024-09-21,11802.0,23.1,updated
Newfoundland and Labrador,10.0,2024,38,2024-09-21,775.0,13.0,1.0
New Brunswick,13.0,2024,38,2024-09-21,1272.0,16.0,1.0
Nova Scotia,12.0,2024,38,2024-09-21,1339.0,20.8,1.0
Prince Edward Island,11.0,2024,38,2024-09-21,136.0,11.0,1.0
Yukon,60.0,2024,38,2024-09-21,50.0,12.0,updated
Northwest Territories,61.0,2024,38,2024-09-21,47.0,12.8,1.0
Nunavut,62.0,2024,38,2024-09-21,111.0,9.0,1.0
Canada,1.0,2024,38,2024-09-21,32232.0,18.9,updated
Alberta,,2024,39,2024-09-28,5249.0,12.0,new
Alberta,,2024,40,2024-10-05,5212.0,12.2,new
Alberta,,2024,41,2024-10-12,5533.0,14.7,new
Alberta,,2024,42,2024-10-19,5607.0,13.8,new
Alberta,,2024,43,2024-10-26,5744.0,12.6,new
Atlantic,,2024,39,2024-09-28,3858.0,16.3,new
Atlantic,,2024,40,2024-10-05,3825.0,15.2,new
Atlantic,,2024,41,2024-10-12,3644.0,12.9,new
Atlantic,,2024,42,2024-10-19,3619.0,11.5,new
Atlantic,,2024,43,2024-10-26,3781.0,11.7,new
British Columbia,,2024,39,2024-09-28,3446.0,18.5,new
British Columbia,,2024,40,2024-10-05,3588.0,17.6,new
British Columbia,,2024,41,2024-10-12,3613.0,17.7,new
British Columbia,,2024,42,2024-10-19,3827.0,16.1,new
British Columbia,,2024,43,2024-10-26,3447.0,13.0,new
Canada,,2024,39,2024-09-28,34086.0,17.0,new
Canada,,2024,40,2024-10-05,34756.0,16.1,new
Canada,,2024,41,2024-10-12,34776.0,15.0,new
Canada,,2024,42,2024-10-19,34979.0,15.6,new
Canada,,2024,43,2024-10-26,35263.0,14.9,new
Manitoba,,2024,39,2024-09-28,1327.0,19.5,new
Manitoba,,2024,40,2024-10-05,1350.0,19.6,new
Manitoba,,2024,41,2024-10-12,1277.0,16.6,new
Manitoba,,2024,42,2024-10-19,1243.0,18.6,new
Manitoba,,2024,43,2024-10-26,1510.0,19.3,new
New Brunswick,,2024,39,2024-09-28,1348.0,15.7,new
New Brunswick,,2024,40,2024-10-05,1194.0,14.0,new
New Brunswick,,2024,41,2024-10-12,1110.0,12.0,new
New Brunswick,,2024,42,2024-10-19,1156.0,10.5,new
New Brunswick,,2024,43,2024-10-26,1203.0,11.0,new
Newfoundland and Labrador,,2024,39,2024-09-28,789.0,13.1,new
Newfoundland and Labrador,,2024,40,2024-10-05,776.0,12.5,new
Newfoundland and Labrador,,2024,41,2024-10-12,777.0,9.8,new
Newfoundland and Labrador,,2024,42,2024-10-19,794.0,9.9,new
Newfoundland and Labrador,,2024,43,2024-10-26,879.0,9.8,new
Northwest Territories,,2024,39,2024-09-28,40.0,2.5,new
Northwest Territories,,2024,40,2024-10-05,38.0,5.3,new
Northwest Territories,,2024,41,2024-10-12,54.0,1.9,new
Northwest Territories,,2024,42,2024-10-19,46.0,19.6,new
Northwest Territories,,2024,43,2024-10-26,45.0,11.1,new
Nova Scotia,,2024,39,2024-09-28,1560.0,18.3,new
Nova Scotia,,2024,40,2024-10-05,1659.0,17.7,new
Nova Scotia,,2024,41,2024-10-12,1585.0,14.9,new
Nova Scotia,,2024,42,2024-10-19,1461.0,11.4,new
Nova Scotia,,2024,43,2024-10-26,1440.0,12.9,new
Nunavut,,2024,39,2024-09-28,126.0,8.7,new
Nunavut,,2024,40,2024-10-05,73.0,5.5,new
Nunavut,,2024,41,2024-10-12,125.0,5.6,new
Nunavut,,2024,42,2024-10-19,92.0,13.0,new
Nunavut,,2024,43,2024-10-26,140.0,10.7,new
Ontario,,2024,39,2024-09-28,7281.0,15.0,new
Ontario,,2024,40,2024-10-05,8161.0,15.6,new
Ontario,,2024,41,2024-10-12,8624.0,14.4,new
Ontario,,2024,42,2024-10-19,8899.0,17.4,new
Ontario,,2024,43,2024-10-26,8917.0,18.2,new
Prairies,,2024,39,2024-09-28,7958.0,14.1,new
Prairies,,2024,40,2024-10-05,8197.0,14.5,new
Prairies,,2024,41,2024-10-12,8466.0,16.1,new
Prairies,,2024,42,2024-10-19,8495.0,15.0,new
Prairies,,2024,43,2024-10-26,8901.0,14.3,new
Prince Edward Island,,2024,39,2024-09-28,161.0,17.4,new
Prince Edward Island,,2024,40,2024-10-05,196.0,11.2,new
Prince Edward Island,,2024,41,2024-10-12,172.0,14.0,new
Prince Edward Island,,2024,42,2024-10-19,208.0,23.6,new
Prince Edward Island,,2024,43,2024-10-26,259.0,15.4,new
Quebec,,2024,39,2024-09-28,11332.0,20.4,new
Quebec,,2024,40,2024-10-05,10840.0,17.9,new
Quebec,,2024,41,2024-10-12,10199.0,14.7,new
Quebec,,2024,42,2024-10-19,9960.0,15.8,new
Quebec,,2024,43,2024-10-26,9988.0,14.6,new
Saskatchewan,,2024,39,2024-09-28,1382.0,17.0,new
Saskatchewan,,2024,40,2024-10-05,1635.0,17.6,new
Saskatchewan,,2024,41,2024-10-12,1656.0,20.5,new
Saskatchewan,,2024,42,2024-10-19,1645.0,16.6,new
Saskatchewan,,2024,43,2024-10-26,1647.0,15.8,new
Territories,,2024,39,2024-09-28,211.0,7.6,new
Territories,,2024,40,2024-10-05,145.0,4.8,new
Territories,,2024,41,2024-10-12,230.0,6.1,new
Territories,,2024,42,2024-10-19,179.0,12.3,new
Territories,,2024,43,2024-10-26,229.0,8.7,new
Yukon,,2024,39,2024-09-28,45.0,8.9,new
Yukon,,2024,40,2024-10-05,34.0,2.9,new
Yukon,,2024,41,2024-10-12,51.0,11.8,new
Yukon,,2024,42,2024-10-19,41.0,2.4,new
Yukon,,2024,43,2024-10-26,44.0,0.0,new
